id,category
6380fb87-18fe-4b76-a085-639a4e01b664.jpg,0
9956035b-0500-47b7-b508-cc7414c10270.jpg,0
fa6b4604-a080-410b-a8d1-fdf7cf61a92d.jpg,0
6e6dc67b-73ba-404b-b685-1f726d0357c3.jpg,0
15121f8e-f428-4cd5-83bf-1c9a051aea54.jpg,0
96e63114-0838-412e-841e-e59033734861.jpg,0
c5f3b26b-3311-426f-b90c-7f3dd393d3ed.jpg,0
5e64da7d-4fa5-4545-8fe4-d02d6c11de97.jpg,0
c97d1296-c929-40a0-a10e-57ab3f9aaded.jpg,0
13360d8a-8dde-451d-b079-b862b54898f0.jpg,0
aa41c76e-7656-4ddf-8d10-8bdaf4a94703.jpg,0
74a79936-2b45-4b12-8285-ea120898bcc5.jpg,0
002d730d-e0f1-4ea1-bb0d-5347d7656a7e.jpg,0
4186109c-934e-4316-91fd-56e2a534aeb0.jpg,0
8573f814-2842-4c37-87cc-595968aa50f1.jpg,0
b4f204f9-139c-4e8a-9549-1091aae273c0.jpg,0
88d5e307-297b-4a95-8548-8000b1e88027.jpg,0
f715da5c-d2db-441c-953c-15350eae42ac.jpg,0
8653f5c6-3cd9-4594-8576-c9633ced3a07.jpg,0
785ecd98-8ec6-484c-9b4c-f88bb9f28d64.jpg,0
51183340-52d1-4fd2-b845-ae73a1b24766.jpg,0
de08ceca-a208-4ce7-9d00-c9205b3b00c5.jpg,0
e436f8a2-10d8-491b-9618-6ccb76fd90f2.jpg,0
02f5a53c-a818-490f-9f70-3ae3df7b7024.jpg,0
95b1970f-4614-4339-9b1a-db960f92a3d7.jpg,0
8e87e42d-c5fe-4490-a4b8-425e25c4d155.jpg,0
bfd2cd9a-a31e-45fd-bb80-bb3a5cdf2593.jpg,0
96aa740d-a58a-4f7d-aa4d-56ed53fd6c49.jpg,0
c802dfe1-6017-42b6-af46-1e182f0c4937.jpg,0
96cb591e-1c78-4d75-915e-5cba3743bae2.jpg,0
80c532af-1902-4834-9f27-85b645fb7afc.jpg,0
021c1128-f985-4570-b59e-2a0a6b90506b.jpg,0
431449c2-a683-4319-bd57-e7e57cb91168.jpg,0
d9c40e7c-93ab-4aa8-a530-67b1109bc7a1.jpg,0
e258df62-03ce-4846-bb7e-2cb78f4b490f.jpg,0
76be8ce7-f657-4471-b14d-837a52599a2c.jpg,0
49053672-4943-4432-b55a-e4852001a15b.jpg,0
8b89442f-1fe1-4a03-8538-2d8325b70787.jpg,0
27b2efd1-7e61-46c4-8a76-2fadf81581c7.jpg,0
e23ee5b0-a3d9-44ec-9cd7-7fbc7e3e1d5a.jpg,0
bbf92904-69d0-42a7-b079-0659adff0e4b.jpg,0
1afc315b-042f-437d-837a-5a27170d76c5.jpg,0
b7905675-5309-48a6-b395-cf32ce737f14.jpg,0
c919c01a-6eee-48e4-a827-4fc6b834b5ff.jpg,0
73d02ee4-00ce-4e22-b8ee-27f474d1a314.jpg,0
c04472db-4216-4d73-9438-55d36e34f8f8.jpg,0
2e84a820-e275-40b1-b933-62e234e86357.jpg,0
99bf00d8-11f3-40fb-8232-5a1a7e801329.jpg,0
91764760-9f52-41bb-b66f-0317a2b124a1.jpg,0
fde70fcd-89c2-4065-bbbe-1154bb784278.jpg,0
51dd47e6-6c7f-4c1c-9616-b982424cf955.jpg,0
0f3317f9-cc33-4a09-a8fc-f394cc8ffa20.jpg,0
c9434daa-630a-486b-965f-a4c24aaacd98.jpg,0
8cdb3c26-72f8-447d-84d8-ba938d741a73.jpg,0
19102e5a-0080-4a58-9641-4ec9abfe0957.jpg,0
c9ffe655-f759-4432-9c8d-27924b375fca.jpg,0
6702df86-83bd-4173-9e62-244829c415c8.jpg,0
afd4083b-2107-4d9f-a2c9-a391ac18d3fd.jpg,0
047ced97-f805-4e18-aef7-41ac8112a0c3.jpg,0
473c9a8c-2a86-41a7-be6e-d641f127504b.jpg,0
bcf6abb1-437f-4239-98f8-fc6fd40eaaba.jpg,0
0cdf9fbd-e46b-4b46-810c-f8e4a45bb049.jpg,0
46ab759c-bdb5-433b-b065-e3283a117ec7.jpg,0
4a3ed63a-9645-43dd-a259-4ee519086a07.jpg,0
9dc8d386-5127-4aae-9ebd-18ec787371e7.jpg,0
887a9e0f-4d47-4287-8985-dc114d077ce6.jpg,0
fa3881bf-0b5a-4e22-abbc-0bf58df06c90.jpg,0
06c75c07-150a-424d-9137-6dedb797e487.jpg,0
0af2ba2b-37af-4162-b37a-65bf4ac5be8c.jpg,0
625cedd5-55cb-4d06-9fb3-1888a072fec4.jpg,0
c152d407-561d-42b6-beb9-cde6d379b4c7.jpg,0
1c558c7d-9c58-449a-84cf-238d88ac5103.jpg,0
0230ee7a-6c62-4856-bdb9-300439ae0f9e.jpg,0
30ff3e09-138c-4a75-a56b-720ce0b26881.jpg,0
997394b1-20c2-4a66-9345-8136c71248a9.jpg,0
46c5392e-75be-42e8-81a9-22876c790bd2.jpg,0
c2134506-8da1-49c7-89be-fb8cb5a2fe37.jpg,0
5ef84d63-92e3-4fe6-b1da-89ac0f84d6de.jpg,0
dfa5b05c-c643-4da3-812f-c5b7f02621b7.jpg,0
7caa9e21-93bc-42f8-a1fb-2d51a3812e48.jpg,0
631a7f50-76c6-47f7-9024-28c31e87dbd2.jpg,0
4ed55b88-b33f-419a-879a-a2fd1c133c19.jpg,0
b33431f5-d3e1-4731-ab30-090e271fadc9.jpg,0
6ed20df7-ca1d-416a-83a6-ca48c5829269.jpg,0
8cb3641d-272f-43b6-a9b5-5d113844f904.jpg,0
ab5789c6-c427-4aac-99a8-bdaaf9cdc8b3.jpg,0
5f7b8aba-aee4-49ca-9169-0e9759d87d9c.jpg,0
5d90b120-5554-4a9b-bf6e-73677cb53393.jpg,0
de514b56-c8cc-47d0-8a75-231de3056617.jpg,0
420bd5b7-d96b-4769-a05a-1312bf91c49d.jpg,0
63e976eb-2461-4f8f-b9e6-b3e38d223439.jpg,0
d95f1e49-c067-4efa-bd7b-52004d5c5fc3.jpg,0
6e06b692-6226-4e9e-90d3-ffc69b84b898.jpg,0
859c43e5-641f-4b8f-a927-af4c780dfe84.jpg,0
439f80c4-4ee2-424a-b17f-ff8d3fa6b6e6.jpg,0
c9b52c7b-80f4-4845-ac9f-eb39b8e201c7.jpg,0
68a90e54-43cc-40c1-b88f-f26ed3e721d3.jpg,0
34792bbf-93c6-4edb-aedb-b953a7b1f859.jpg,0
77a33fe7-0a00-4e3b-91af-4c4bdca2a117.jpg,0
3ae1b150-e0c1-4711-9f2c-94430504fbea.jpg,0
c3256a3d-94fa-461d-939b-af4898e42ab1.jpg,0
a7283f4f-d96e-4af0-9f32-56e3a8dc2e98.jpg,0
88154959-d0cf-475a-a1a6-d492536f4e90.jpg,0
ffb98ce1-caef-46bc-8c3c-32ae9e37326a.jpg,0
2e4a8c93-436b-45ea-846e-23013b0a99a2.jpg,0
4f37e30c-4dcc-4794-9f9c-3450824958ce.jpg,0
62038217-dd7a-42c5-a3b3-bd46aa11b0e6.jpg,0
0056005c-6a87-4938-81a8-136eb13614c9.jpg,0
5bfbfb1b-8dc9-4158-bf0b-23f3c9343d07.jpg,0
6a17121a-aa54-46be-9492-3aa1a5441f65.jpg,0
7fdca28d-4fd9-4768-943f-c2cec843f652.jpg,0
30d30606-4011-4ef6-8ae6-95cfdbf9fb98.jpg,0
66999e41-f909-453f-964b-c23e11f9cdae.jpg,0
74c0c41e-7b9c-4beb-87c0-25269db02230.jpg,0
f8c26c77-0aa0-407d-845f-e11e0c1c9b1d.jpg,0
69904f8e-e922-406a-a560-c2cd1b3a2c6f.jpg,0
fd678573-dd6b-4143-9063-d4b84a5e245d.jpg,0
006c2125-89a4-4f54-ac20-d3c0bc58f746.jpg,0
0ba53a9a-870e-4668-8e4b-787f3c6b590a.jpg,0
36ddcba1-63a9-4da0-b0c2-194589ae1a3e.jpg,0
1bea7e11-4bf7-4215-b996-1cfc53b964ab.jpg,0
5025a856-eb22-402d-96a6-1f305709d1a7.jpg,0
9207dd74-20ec-4b51-8baa-5e5012294f31.jpg,0
860b5180-ccb0-47f7-9968-8d94f7c5cd57.jpg,0
92854798-0b50-4003-9ac4-d69b0850d6f1.jpg,0
ec7fb1cd-b155-4315-b1ec-276288f22032.jpg,0
a61404d1-1c1a-47c1-963c-59b4e5801ff1.jpg,0
8f703f77-f4b7-4ba3-9852-8ec3d7cb6702.jpg,0
735c8588-c603-4f76-823d-662fbeaf0b24.jpg,0
ad399303-06da-4b64-a520-0cca92253128.jpg,0
bc581305-2084-4835-b5ed-f40432a1aaba.jpg,0
6878dc84-19a9-4a45-9ae0-06304aa9248b.jpg,0
887cedc8-aa9d-4d41-8d82-138cd1f6c8ec.jpg,0
05e6a41b-42ee-4e84-9f6f-395e2c687e0d.jpg,0
2b30ddad-8365-47d4-995b-b0000b4f36c9.jpg,0
45c0e7b0-4146-4e87-b21f-f1c59a59ee86.jpg,0
397ccd42-9304-427b-8388-7d5927643612.jpg,0
fd18a5b2-5e59-456e-adf0-3bfb59e08d82.jpg,0
a6d63ca2-6d73-420b-9c7d-bdc1d1469487.jpg,0
1adab866-485f-4728-8c78-fca175e45a04.jpg,0
a9d33fed-b434-4c65-ae94-0afd77bf01c6.jpg,0
9bc54992-f191-4fb1-9f21-96e7f5d6fdf4.jpg,0
5c8bec5b-9b86-447c-aaf0-85fab645a9a1.jpg,0
bbb7bc4e-cae5-48f7-9c66-df9c75b83a46.jpg,0
91ce46d0-a76a-4201-bdb5-9e393e96be88.jpg,0
1acd1caa-cb32-47be-b4ca-61fe9ad40b51.jpg,0
b86525a5-2362-4303-a18d-c0a5de903590.jpg,0
e5b228ba-688f-430b-a525-541949ca58a5.jpg,0
297e2572-7bea-4bcc-bfce-ff139b41abe5.jpg,0
41251acc-3ee3-44d3-8a07-4d21c736da54.jpg,0
8cdf2a4b-0cbd-49b1-aa16-8f95f613b85a.jpg,0
06d620d9-9360-4085-8ebe-4e2f54033f1b.jpg,0
4cf69c0d-2a86-48cd-b228-067b3fc08b5a.jpg,0
96a1815a-b551-4bdf-aedd-9d65509b2724.jpg,0
d998e4aa-45ab-497c-9a3f-6e7a556438d0.jpg,0
94a573bb-36cf-4059-b744-0956ba8996e2.jpg,0
e88b71f3-8551-4eb8-b605-a676595f848b.jpg,0
657bbbe6-2cc5-4b7f-b2c4-793b3f5c6c57.jpg,0
0eb953c4-a99e-49df-89af-8ce4452b5de1.jpg,0
8b941b82-3d28-4585-afe3-751f0c0ca96b.jpg,0
affee0e5-a3b2-425c-be4f-9b200bee9bfe.jpg,0
efc30b10-dfc6-4eba-bb32-dbc43feb2768.jpg,0
a388e992-6b84-43af-88b0-a404c12f8e6d.jpg,0
534e3eae-c155-43aa-8e35-efa963021bb1.jpg,0
2670d31e-9dd8-4e6b-9621-e443fa7a91b2.jpg,0
551c335b-04a1-47ae-b477-2acac8862cca.jpg,0
15a62cd9-528a-4e4e-b766-2fbd87d2b566.jpg,0
5d6e72ac-82a4-4aec-b7ad-171361482652.jpg,0
fcf3cecc-dfbf-4307-a173-40c89b755e4d.jpg,0
58c5bd38-c30e-482f-a166-60c823b3c06a.jpg,0
480b4895-cb48-457f-b1a9-7a3bb6750641.jpg,0
11fd750e-f9bb-4036-8e1c-9a1161239061.jpg,0
8a82deae-7668-4fcc-8b25-23b90ebbefaf.jpg,0
59e23b4f-87c1-4a79-a700-a4a15b2b05f5.jpg,0
1452baa5-8979-4c4c-b69e-2613ed01d1ed.jpg,0
5b4b3511-6228-4da9-8ea0-5aaceb800eff.jpg,0
56ad989e-6245-4d84-b8dc-f1f9e6745fb9.jpg,0
d306c4d2-ab53-4f43-a3e9-2efd4f768cfc.jpg,0
9ada2b3c-581e-48bc-a1b6-f96867ce2d74.jpg,0
07c49ddc-a8be-4341-8c45-a344ec08dafb.jpg,0
95f4df49-9020-4bb8-81f7-889a89e0a685.jpg,0
922b3b43-6923-4564-81a0-29db6cf8697c.jpg,0
b516db48-0b82-4498-ac57-4a2e6cc53f7b.jpg,0
127b76a3-8581-452c-b227-3088ac214f8c.jpg,0
0d375c51-d0b1-4c53-8592-5ea88f366fe4.jpg,0
066b53f8-a6c6-41a0-8492-b2410a31efb6.jpg,0
1577e4ff-b478-4c13-b19b-08c57d69b9f5.jpg,0
12b587f9-0488-4a58-94c0-c6a1998086cd.jpg,0
748306b1-3c64-4853-a300-08439e2da81d.jpg,0
267feb1f-3f45-4a67-8463-b9876e3af194.jpg,0
d73016a6-c1da-46f3-a974-1df8262d3b9f.jpg,0
495d4917-3b26-41aa-9947-9cc0a6dc65fe.jpg,0
92303cdc-ebd5-4c03-bf1b-28db7cf4bf1f.jpg,0
a43f8cec-2569-42c7-85c3-da84b28bd82f.jpg,0
4a5ba46c-1993-4a59-8768-17a51c4cf4ee.jpg,0
5cd5e48a-e9d5-41e8-b457-40032b5b4815.jpg,0
0c984282-93a7-44ec-bd7e-50bca063f9b9.jpg,0
09d30a54-ef57-41b0-9bf6-089bcbbc1ba0.jpg,0
4efce78c-8d92-4fa3-829a-7399d5b0b2e5.jpg,0
34689924-1e7b-4cbd-a46c-9934fe1ddaa6.jpg,0
287c7547-4f1d-4d61-9774-e617b999b0fc.jpg,0
c149d408-cbb0-48f0-ae38-4e5d7f5d300b.jpg,0
34f2c446-5124-4bbd-922b-5966f555d254.jpg,0
cd40004b-8fc2-4529-b39e-01f0ac8d08f1.jpg,0
a46f0481-01a6-4f84-84e6-60d84c34db2a.jpg,0
99b7df45-e2b0-4395-9dfd-c2de4bab8d7e.jpg,0
5d1b119e-8630-473b-b4eb-15e0cad70d3d.jpg,0
55cca1a2-b6ae-4a15-92f2-45fe6e947bab.jpg,0
6648e6a6-2940-4257-bb5f-351a43f16093.jpg,0
11650293-5bbb-41bc-a644-19dc75f86d26.jpg,0
d780f095-2cc2-43c1-a355-575317c99e6a.jpg,0
75a28765-3e0e-4b98-ad27-1d6312d0f1b8.jpg,0
7ef8daa2-d9fd-47f7-bef1-b6404315773f.jpg,0
7dcf8ccc-8736-4d4e-b690-d5e4dc471932.jpg,0
c73ce067-12ae-444c-933d-82a7caf21e47.jpg,0
6d786610-b81f-445d-94ef-032bc6a50d29.jpg,0
9a11eb36-23ca-407c-87cb-a4c643b27c3d.jpg,0
8617b709-ec03-4618-ac94-f7d50a840289.jpg,0
3182d6e9-d68e-4f36-b1c3-ed2c3513b778.jpg,0
80310b7b-34e1-4c4b-bb06-88d335f15336.jpg,0
72f82990-0230-4da3-a4c8-ab5bcdbbebc5.jpg,0
e84a43e0-4a3f-4c36-be21-105b06bc0904.jpg,0
e8a8f5aa-2501-45d3-9413-f87677a681b0.jpg,0
570b69ef-9b8a-4ecd-a507-ead47439b5a0.jpg,0
f7d42c49-a2ac-41c7-ac83-18f2e496ff1c.jpg,0
b0c94f83-6817-4386-ad0b-65f64b9bb06a.jpg,0
ab269a7a-1606-4063-a4fd-e16258e3e7cd.jpg,0
ef7a25e9-38d4-48f0-bf91-671e1935139f.jpg,0
d4993274-9f64-4499-b178-ba2a1e2e14ef.jpg,0
fde30e6d-1630-40e5-863e-20963649be4b.jpg,0
6af9db04-48cc-4942-b4c6-8784837c2457.jpg,0
ac09440c-05bf-45d4-b590-6227c84ac30a.jpg,0
983a06f4-2bb8-451c-b7d1-8f0ed9b5a929.jpg,0
1014fb9a-635d-453b-aca5-2f5dc63e8ba0.jpg,0
a55ddc59-96d2-4982-9a38-e037d078c110.jpg,0
91ce0169-89ab-44ec-8301-71edd9688e29.jpg,0
6374d654-413c-4ad3-9eff-30cba534130b.jpg,0
9dbc2604-b08e-4ebd-a286-0eb0f0a15805.jpg,0
b6b90741-a446-43f7-bc14-641aa596ee9e.jpg,0
6faa11f2-d306-4124-8b4a-9058b16bc84f.jpg,0
00bd442f-e73b-4b2d-a8a9-bb9bd794a562.jpg,0
be5a94d5-5739-4ed0-b4ff-dacd0f8ebf48.jpg,0
828419e6-0ca1-4a04-bcf1-cb59fefbb3e3.jpg,0
3ee5a63b-5eca-4efb-b2ab-a311d05c45a7.jpg,0
6ed30e12-5464-4b6a-9c67-99e7a5f58fd7.jpg,0
102ff8f6-31a8-49e8-8b8b-57ba61e34840.jpg,0
ef1ec637-6e76-4d90-9cda-447df5936446.jpg,0
f4d197f2-9585-4145-9e69-33cb0d5bb66e.jpg,0
0191a53c-e277-4357-a8a8-f4dad4c3ef86.jpg,0
415a6b1d-50ff-4856-920b-23f4303bf448.jpg,0
d014d8a5-c70b-4fd5-9a8f-996d6e9470b7.jpg,0
4b3ec7ca-f198-4cfd-9c41-49915d8e2df6.jpg,0
d8e77cf6-1139-4f41-a945-5233bb4b4d13.jpg,0
ad8f2354-c7cb-4a84-b455-b9a3529c3004.jpg,0
01b2905a-aab3-4d5a-8ffe-6bce844e8b7b.jpg,0
13d1ea42-463c-47b3-a864-82da92b328df.jpg,0
138fad39-15cf-4c89-a626-dd5d5e0b9b06.jpg,0
265a869a-634f-40eb-bd33-53c1510118e0.jpg,0
8816a356-1247-4d99-97d4-bdd1bf1516f9.jpg,0
364c2fac-2cd8-4ee2-b736-dae512bd8345.jpg,0
e0526f57-ebf1-42f6-9834-dbca8f1a887e.jpg,0
6ffa1e44-d33c-4259-b5d2-5079fff8be0b.jpg,0
617fadbc-d965-4d69-9180-32c6124ac8bc.jpg,0
3ec3da84-425d-428b-852e-ddac6004f7df.jpg,0
7f18a325-dc39-4c52-a9be-9cfebb0aebea.jpg,0
c8860d4f-f22c-4e34-916c-a5db0f5d1254.jpg,0
1e628708-25dd-4b9d-ac57-4a8bfd2d84fb.jpg,0
8ec1c9fc-38e0-448b-8ee1-70c3f86ab4ae.jpg,0
c73a3428-e11b-44d0-87f6-fca8b8d784b3.jpg,0
e2f5b9b8-6967-4072-bda6-04b805b0ee50.jpg,0
ea26bda1-5c34-4122-a71b-bebdf0e1c635.jpg,0
d63fd127-73c1-4fab-87f2-88b0b8bcbfda.jpg,0
c77e92fa-6fde-4737-bc60-08d3ef7085b2.jpg,0
f90d2fd7-a553-4c20-9a0f-8a14f482733d.jpg,0
3da655fc-ad2b-4b23-a293-c3b0c82d1653.jpg,0
9fe753a1-3068-433d-812c-64d5c55225ce.jpg,0
52fd4c0f-82d1-44c8-b988-269df60ff47c.jpg,0
0a6cad8b-b070-4da3-8640-d0248fe9e53b.jpg,0
26cd9448-3c54-4084-b108-31c86b56d103.jpg,0
0e7cf3d2-58f5-414d-afcb-03d4803ba1ee.jpg,0
f21c7c44-d0fc-41f9-a6f3-5e43f7cd51f3.jpg,0
115d2483-1ffb-4735-9de2-15691b2e7eda.jpg,0
8f543886-d2b6-4fc6-8d53-30061e91088a.jpg,0
2cb1fabf-e0aa-4a42-baf3-61340fd34403.jpg,0
23e2add3-e3cf-4491-a365-b2c8ef3c3a16.jpg,0
50c27833-8b24-4de6-80d5-e530835d2a2f.jpg,0
48bb764b-b4c3-4367-8a71-852acbfaa7e9.jpg,0
a1979b95-a1e7-4dd8-a60d-8bc923c3a0db.jpg,0
e5970707-bbb9-4f07-9350-695f4afc1a67.jpg,0
9b51058f-b844-4bb4-bf67-b38cede720e0.jpg,0
bb106375-0630-409c-8296-e60242df4184.jpg,0
dfb4c156-fc15-4a27-879e-2cf1e1e5b5f7.jpg,0
cd698df7-1aec-4a3a-94af-219604d4da8b.jpg,0
f411ed3d-9ebe-4e5b-9034-69cbe3a8177c.jpg,0
37b54c42-21cc-439a-affb-296713233e20.jpg,0
11093177-ee61-480b-948b-9d36b239c680.jpg,0
0e8a90be-121a-4f87-a8cb-95069f6ecb25.jpg,0
89fd09be-6178-4423-af4a-4be9683e9c71.jpg,0
181c8f8f-d0b0-4fb4-a6cd-6d9b21a417d4.jpg,0
bf583d78-257a-489c-b774-2a7982b36288.jpg,0
b6edaebd-02e8-4a42-b454-42efb665fbc8.jpg,0
8d504fb8-585b-409d-abb6-4fab01cd7f80.jpg,0
76871b24-c273-4f90-95ee-7ebfd0afca9b.jpg,0
fc321c84-f3e3-458f-ab48-1b98a0091155.jpg,0
5abecfe0-09ae-47d7-8f0e-54b12e11e0be.jpg,0
eb77af47-1799-4f44-a2fc-8ffde87fe204.jpg,0
12cf6c18-74a6-4653-b0df-47d8df5f6fa4.jpg,0
05dd8f43-7e2e-4343-bd71-3476dee61363.jpg,0
7883912a-b8d4-4a6a-b3b2-8e2861cc4fd8.jpg,0
faf09a01-9a98-4290-803f-a674ad82e6ae.jpg,0
8e9edffb-cafc-4012-ac4f-401710fb492b.jpg,0
a51be803-4076-43ed-b372-5cacdae269ff.jpg,0
a9f0fb9a-a161-412c-a95d-a95a825667e5.jpg,0
f15191c6-ceff-4ef6-b5b9-de682106ea70.jpg,0
04fb842a-1f0c-4955-bf6e-2e2bd7d943d1.jpg,0
b8fa7c97-b8b2-4af9-a3c9-3ff6bd408861.jpg,0
53a56e1d-470e-4876-8dfe-be11ab72866d.jpg,0
47060aad-b951-48a8-8c0b-52bcb3203ee4.jpg,0
248794b9-b00f-4c33-b836-5592a33fd2fd.jpg,0
ed1d02b1-5870-47c2-9ddc-324ec1be1ed3.jpg,0
66eeb06f-b5cd-49b9-8f28-438a599e70e6.jpg,0
849d233c-5f5b-4c6b-a9ab-0fa8713e2235.jpg,0
bf21a67c-18aa-4383-8e75-7f67d0e56c80.jpg,0
e6013774-8af9-4f53-b3d1-788203384251.jpg,0
362afbc1-d7f5-4e25-a73a-38b21c8cbc85.jpg,0
9f436232-879d-46c0-9dbf-fe39a98b1b60.jpg,0
b5922440-8174-43e1-a848-27fd065fa01f.jpg,0
e0e38603-eb88-4f79-bd5a-c6d726d3d514.jpg,0
37f9c39c-e08a-403e-9b9c-24d9dfd16666.jpg,0
e4d0c8dc-33c9-43bc-aed2-e25365af0f5c.jpg,0
cfc181db-5f4f-403d-8af4-7e12b1330f3f.jpg,0
9d3eb0c3-a0f0-4595-9af3-2db2cf531673.jpg,0
75f3c965-a364-4a43-9bed-487220bf4c68.jpg,0
719efd69-81fd-4cf0-b194-62fde4faa667.jpg,0
37fb36a3-2fb4-403a-8fdf-377571ac11c4.jpg,0
5acee8eb-a512-428f-9a3c-66723db9fce2.jpg,0
568adb01-fb5e-45e7-b258-5c411b79dea2.jpg,0
b081a540-9a25-4dec-b4d2-57d1e716b999.jpg,0
07f6b37f-2b72-4e74-b3f7-21fcd05bd3ca.jpg,0
c1033eb8-f94f-44b7-abe3-3912e58d629b.jpg,0
67e5309a-15bf-42b3-8a70-b78fa82e6afd.jpg,0
3918879a-ca89-4174-a39c-a6efa20ea34f.jpg,0
cca18b9e-804c-4df4-b87c-ce30b70e2ace.jpg,0
f11583a5-2b7c-458c-b6ff-21ea0b675e4d.jpg,0
9812135e-2017-4c70-98e1-0503a35c1f88.jpg,0
41ed4898-7729-4578-978c-42f38031dac3.jpg,0
3b0d6c55-83aa-4b64-91f4-08a4b0d23143.jpg,0
4ac6affd-0155-4774-8480-668a39a8c229.jpg,0
80d5629d-3b87-4122-b552-574b6cc10e8b.jpg,0
604a3af9-ea9a-4a7c-9fda-f2cd3244fff4.jpg,0
34644c5f-2987-4585-9187-ab7441d70abe.jpg,0
a430ec6e-d117-4428-a479-ef87f3b62458.jpg,0
f1346648-71d2-42eb-ac8e-4e0c2de7079e.jpg,0
de778bb4-0620-40e0-96e1-b02c78d64a7a.jpg,0
1bfb7636-c349-45f8-8d57-1b74f4384814.jpg,0
774af6d6-6e47-475a-ba68-e800d94eff1b.jpg,0
7665a893-4e9d-42d5-b227-14b19e11c62d.jpg,0
7378c6d9-ec3f-479b-a1b7-1c72f513bc1b.jpg,0
6c4f9703-9982-47c0-8044-5f09937ec2e3.jpg,0
97b8f359-6608-48fc-a10f-36cc4b451d21.jpg,0
8fbac966-0dfb-4ecf-bcda-61643bbca009.jpg,0
e19ae7c4-1756-4ad0-9133-ecb78c9733ab.jpg,0
ee011a0a-77df-406d-80bb-c84fca7cedf1.jpg,0
d290d047-84bf-4be5-9069-739f77ccbfd3.jpg,0
a76f5f03-5684-4db8-a542-550a4b193191.jpg,0
d673dec3-f0cf-4fd5-8e85-7dc389dc8443.jpg,0
30ee812f-8dc0-4548-b50e-47981cc65f38.jpg,0
9819d185-5e4a-499e-ae70-2240f87eb56a.jpg,0
3c7e1f4b-f9e6-44d2-abed-cded8abac415.jpg,0
51919f01-8486-44e7-991a-765617586935.jpg,0
06560f58-85eb-4829-9fe7-a6523d9a94bc.jpg,0
d702aaf9-3e8e-4029-9288-dd34c2419396.jpg,0
1bbb1cee-70a0-4dda-abbe-dfc0e233a9cb.jpg,0
5b223894-bc27-430c-bab1-d16fc4afcad4.jpg,0
1bcd0eff-f770-457f-b6a8-330d66c11609.jpg,0
86de61d9-5dd9-4cd2-9407-d330ece19054.jpg,0
6ab56e90-141c-4066-ba9d-863db8daa523.jpg,0
2543f530-7ba9-4062-a0df-7736de454759.jpg,0
21f6ccb0-7412-42b0-a9f6-6c5d2436c04a.jpg,0
f4f897e9-e57a-4b64-8d4f-f83e0cd51e43.jpg,0
9256b59f-a434-4334-8583-d7612f6a1c4b.jpg,0
d66095d1-487b-479b-9e56-18c5b2e64399.jpg,0
b1053077-29ca-4882-a190-463ed2fcda96.jpg,0
7e2d2a0a-88f5-4b79-9b18-93846ac59d92.jpg,0
21bb19ce-f473-4e08-9ffb-069f28e43b82.jpg,0
7a569c15-1398-4d8f-8f62-b2a77c5d342a.jpg,0
9047d48c-ee7f-4d10-a749-c8ff82a5ffac.jpg,0
3ac0d290-84e6-418b-9128-3b3089a59a6f.jpg,0
20378a54-71e5-4785-8013-2fcf1125da02.jpg,0
43c90223-d0e5-4bb4-8e81-22413110f414.jpg,0
7cdf5fdd-fb6e-40b0-b3bc-6cb44c6da193.jpg,0
0a26e8b8-dc27-43bb-81bb-8c56b31dc769.jpg,0
a1743eb4-a1d9-406e-9a5b-c15a274a7baa.jpg,0
04dcb4e5-fc2b-436f-93f2-9275dea944d9.jpg,0
5ee414ef-4b7d-4a94-9232-0a282a669f0a.jpg,0
b1f5f898-30a5-416e-af2d-2d135ef1d88f.jpg,0
987aad59-febd-4a74-83b5-c9ef12b2dc8f.jpg,0
9e326054-21dd-4e1d-9626-10e1122b5991.jpg,0
8827e3e3-39eb-45d2-8981-fccaf4c83f32.jpg,0
d5878660-570f-44f8-9e40-a3d7a7c2363f.jpg,0
6a9260cf-790c-4022-8596-ad5844a08099.jpg,0
c87848a0-f3a9-4085-99f2-d083b78aab4a.jpg,0
7ec2795f-2e51-46a7-ae5c-a4c141963baa.jpg,0
e6dfcae3-f933-4a2d-874e-5d1aa4ab1bfb.jpg,0
a3cfceec-63f6-49c2-a5cc-93820e126217.jpg,0
cd95c4d0-2c4e-46b4-b28d-ae4567dcee41.jpg,0
1b399dba-1554-4096-bae6-e0cc4b1d1f81.jpg,0
a5ec2252-bffd-4d05-8005-a53222c677ad.jpg,0
6de10bee-8e65-45a9-8c0f-5352292cddfe.jpg,0
b6372f97-4bef-43a9-ab3b-98682bd91ed3.jpg,0
7ae4814a-32c2-43cf-8308-341578a30783.jpg,0
a2a34f32-3a08-4ad6-9236-2b7d9af34b63.jpg,0
30b2ad89-261a-46a1-bf0c-bfba2a320b6c.jpg,0
75ce6ee8-df1d-4d8c-9e4d-1513c71afcc5.jpg,0
bdaaee6f-e163-412d-a87d-f66160be1365.jpg,0
d81346ac-ad14-495e-9e63-0dfc2650b2e5.jpg,0
bc048ea6-28c7-4594-9cf9-7e32e642d69a.jpg,0
179b8a9f-9bc3-4624-8840-8be3f79dbad6.jpg,0
a03fc5e9-4f9d-46fc-bf7a-be5656fd8489.jpg,0
0a1b74f1-3686-4b75-896b-56afd6480921.jpg,0
cec36bf1-71a4-4ac2-809d-54aaa51dcac8.jpg,0
c9e8f1e4-1381-4006-83c2-9047a93961ca.jpg,0
d62e00cc-b04a-4e79-955c-025d4cdd3153.jpg,0
2faa70ee-9ffc-43dc-ac33-c6131fbbe903.jpg,0
d6d712cc-a990-4fa2-a088-1cb3b8a528de.jpg,0
b93c4d95-1f63-4d91-a6a7-aacc70ea2bf1.jpg,0
35980b0d-5e1f-495d-9b24-370a70601421.jpg,0
43e46c9a-3882-4b2f-87c0-b83441f0e823.jpg,0
dbfa6875-8237-42a0-bb67-ee6903e1d77d.jpg,0
0840a4e8-d1a4-4f1a-9d9e-d6a64b713d93.jpg,0
a03134cc-7abb-4600-9e62-3c627d266260.jpg,0
24037bb1-bdd4-4f10-b147-3bba8faca497.jpg,0
0b899ff7-adc1-4af6-91fb-cc1b7c60fe76.jpg,0
704cf7f2-a90f-4f11-ad95-3242df549cd8.jpg,0
e3149ffc-853b-4750-94d5-dabad8b54f69.jpg,0
bd93ea1b-e866-4f24-995d-a61e9d29b404.jpg,0
58c24f4b-660e-4e30-b080-bc397ad39ac8.jpg,0
dcccd5e9-8ade-46ca-87e2-178b2e64ed13.jpg,0
a8d124c9-8a9c-4126-a7eb-222942157911.jpg,0
681f9c7c-5863-4e7c-b6f7-47b06a44bd03.jpg,0
fbf70cfc-122e-4588-b0f9-9f1214272b52.jpg,0
b239e33a-2363-4c9b-90ce-4026f3992196.jpg,0
ad1d812f-f0e9-4e19-ab73-b21b69860fec.jpg,0
b7cda74f-97d2-4150-837f-037a19667597.jpg,0
719a7fce-11b6-412f-8439-7bc1efbae998.jpg,0
6cdc4cdc-800f-4324-96a6-a3ec8fc2fb4d.jpg,0
a550f878-2a97-477e-99e4-f6b535a88421.jpg,0
eef1c6d3-bce3-4d0b-8ecc-7bc77243edcf.jpg,0
c1f97ae9-055c-4f02-865f-f4e2628fd0f6.jpg,0
36f179a6-690a-4027-b1da-4d1385906ab6.jpg,0
87452fba-5652-4f65-a8e0-7ebd81648fb9.jpg,0
8167e014-d453-42aa-8e05-44696d54994c.jpg,0
8a470f9b-0ee3-46f5-9bc6-a3bd1f880e63.jpg,0
95f88abc-926f-42af-a166-a97493760150.jpg,0
7cbd53e8-cd0b-445a-9a1b-0b3477e8a82e.jpg,0
fed78292-fde9-477a-9edc-392e3e94b9cb.jpg,0
1bf59cfe-79e4-43e3-afa8-43dd220272ed.jpg,0
696c63ba-a371-43e5-a30e-815abd85f1e2.jpg,0
d729d7ef-4e40-451f-83b6-c7ca6b276960.jpg,0
0800e179-a99b-4d0c-9490-4124e14b4dd0.jpg,0
1f3ab5dd-1f35-435f-9201-d5a25c8d8ba7.jpg,0
94d3d4cc-ce40-4beb-a9c4-e2ed91272f20.jpg,0
a3329832-3009-4e77-b659-a7745c2d451b.jpg,0
dab302d4-200b-415d-adcb-abfc6ebf1297.jpg,0
17cf10cd-8a22-424c-b3bf-3b4438268c8e.jpg,0
2dc80c06-f879-4a19-88fb-bbbe0e680841.jpg,0
8d7a0842-5f9d-4b43-954e-4e6b2535bff1.jpg,0
43be7f0e-7c15-4e7e-845f-10b57f28d7c2.jpg,0
dbe9fa38-8aca-4beb-b936-43a033c19c93.jpg,0
ea06fa79-9114-4c8c-abd3-f60ff67cc917.jpg,0
e0c86588-2b15-41dc-a270-ab7a29450902.jpg,0
4a8fec18-268d-445c-9d9b-b9fe9f1191cf.jpg,0
130a890d-a43b-4210-9952-470ac66ebfe0.jpg,0
16525394-8b8c-49a1-acb5-512dccccb56f.jpg,0
2af96b4c-a99b-42bd-9505-58ac29e5950f.jpg,0
6660d8b7-08d2-4bdf-9eb9-1ebd7c47f1ed.jpg,0
38fe4b7b-1c21-4674-a722-a7d2f4b1b426.jpg,0
b75b37dd-c34b-4a70-b609-53dcde196b21.jpg,0
1e4ab635-919d-4d62-b3d6-2f443cb03e20.jpg,0
f20608c2-97e9-48af-a709-9a9374f8bc23.jpg,0
1538f7cb-e809-47ea-b1df-6d1b0a64285a.jpg,0
afba0db1-3891-47c7-8663-8baa585cafd4.jpg,0
586a9ee1-24dc-4ceb-ab27-f9002e2bdca5.jpg,0
273e6e53-ac95-4edd-9645-5fcd27faad5d.jpg,0
441ae482-2bbb-4861-a074-4f5d3dff748e.jpg,0
9494ad7a-0c70-458b-8eec-19eed1641a5b.jpg,0
7272f46e-6c81-486c-99ac-07331e83ca3d.jpg,0
083fe3df-cf16-4ecd-b1d5-dc6dc600dba9.jpg,0
19d24fb6-c944-49e5-aea3-fb80bfd5f518.jpg,0
1a348142-5c1b-4694-8855-7f18c364c472.jpg,0
bc26090b-2df1-4f3f-a39c-07477b3a4f9c.jpg,0
3399c646-e9ed-4611-b654-f692a2b1a613.jpg,0
96515a93-01e5-4e31-9ce6-1a0607086e8e.jpg,0
22e8cdd3-e2c6-4953-8d31-ca6ee60d8675.jpg,0
781ca175-e6e4-428a-b28c-dfb2f40df1c3.jpg,0
be8a998d-3660-4a90-a296-f9c6c3c7352c.jpg,0
8c5c0d53-9027-4be4-8a45-e63c7520a1a6.jpg,0
d6e75842-74e9-4f91-accb-df0906abc101.jpg,0
547a35f2-f855-44df-ad40-2daa0b3e7d86.jpg,0
0b0e49a5-44be-445f-8b2e-70861ff79a35.jpg,0
6a19fdcd-d07b-4d4c-8054-df19678cb217.jpg,0
00067754-49c2-4de0-b34c-3e0ee8b44ab6.jpg,0
949ef4e6-6dfc-46e0-866a-c1c9a1f677e0.jpg,0
975adf6c-6fc4-4e4b-b2e8-516fd6a3ac09.jpg,0
64daabb4-a5fb-4b96-8281-923c0f2f9df8.jpg,0
edb6aabe-26d0-43ed-8ed6-fe5a4132dcaa.jpg,0
23f9b54f-709e-4de1-85b2-ee1c6ce33e84.jpg,0
5a45baee-f810-49c1-b438-3bcc7332a5b0.jpg,0
05675d46-6175-4641-a76e-ea886c824798.jpg,0
910f6e36-cca3-47e5-9edc-df0808bdf6ca.jpg,0
0f384562-3442-4f68-8397-e533a08b97f6.jpg,0
55000e94-41e4-4720-a945-aba32f9f981b.jpg,0
fbc800c8-370b-4c01-ad3d-43c2fe9024a8.jpg,0
4fe94e36-3302-499f-9c9c-3119ce8fb525.jpg,0
94e35e4b-0345-4329-a579-a4232cd9ba31.jpg,0
2c86241f-bd75-4a2b-a544-3237b71dfd5f.jpg,0
2be879b2-543f-4f84-bb04-3730767d3869.jpg,0
d123b5cb-8006-4c29-92ff-8992dd0af273.jpg,0
e75108ed-9b34-4857-898f-f41182131e0b.jpg,0
a01f4179-8112-43e9-a0fe-3bcb6d7dae71.jpg,0
92b05152-f859-485d-b327-5208471126e4.jpg,0
c69d9e64-a6a4-40ca-baa7-5e4ff7f77b5e.jpg,0
bdce4268-7bdb-4d9d-87d4-d12ba923d8ad.jpg,0
23cd455e-8ff2-4a42-b431-0b5c0ce70910.jpg,0
8f0d5892-2748-4608-b724-5a8031bc53ba.jpg,0
1b44c82d-47ff-44f6-be66-7df7a2160545.jpg,0
8785d7a6-ed9c-46ec-b0d9-04fd5319afb5.jpg,0
71dfe0d8-a722-4545-8482-edce70b2b749.jpg,0
60088482-5499-4b77-b809-a1a991143d44.jpg,0
839841cc-9ca2-4c7b-9c24-a2ced3bdb012.jpg,0
de8ce286-08c6-479a-887d-7bdae62a081e.jpg,0
5cfdf1fa-23f4-462d-a000-54804c7a71d6.jpg,0
c2ea6c85-f3cf-446f-afb3-231d641ca247.jpg,0
2a3deb14-28d3-4e49-8c10-fbaecc35f46c.jpg,0
69b335b6-39b0-4e57-8cc3-db45e9eb7ee7.jpg,0
0a027902-3e14-481d-ba76-73c3baa0a1ff.jpg,0
248f4033-f62c-4b8f-83c9-f3dff1b0594e.jpg,0
02d265ee-1976-4fcc-bfa9-419ae20ad4bd.jpg,0
4b63325f-c2f5-4a84-86d8-508263a21dba.jpg,0
5fa9d84f-7396-41cc-a7e7-bdc331e88b9c.jpg,0
aaac4747-39f3-4ca2-a971-f07b7d9387ff.jpg,0
6fbebdb5-04b8-4f61-bb13-3a5e274ad886.jpg,0
4e10ce13-62b0-40ff-b539-ab06782b0368.jpg,0
864bdfab-a3fc-4f67-a94b-75c5793a1d2d.jpg,0
f331bab2-8904-4282-8f4a-bccd4ef3ac2d.jpg,0
f8a0712f-93c6-40f1-8a1a-13245f4c32de.jpg,0
8a0dcd4b-9dff-4d4e-bbe0-7656dd8c838f.jpg,0
8b471b74-bba4-4c2d-b425-5003c84b6a10.jpg,0
f51dc9eb-1fd4-4293-9e05-8c9884dabeb7.jpg,0
e95f5b5a-91f2-4865-bda8-e5c3c5192594.jpg,0
0fbd0a52-11b1-4d5f-acc4-02868161e46a.jpg,0
e88d132a-dba5-4ba4-a9fc-da83b54c5201.jpg,0
27431c9f-b1a8-41fb-9ac8-cd18f7e70fac.jpg,0
63e9758b-1219-4bbe-ab54-80c09bfae007.jpg,0
c5b2b3ff-e4ee-47bc-97ee-84c44434e3f5.jpg,0
83234603-0b28-4884-a00f-8acfeb61b076.jpg,0
7c4299ad-f808-465c-aac0-a3a5e68c415b.jpg,0
d5a8e330-cf0a-490c-931e-6036b7f6bddf.jpg,0
04aac471-fad4-4e2f-bb3e-7e7dac3f3c16.jpg,0
528426b8-e62a-4589-846f-997660bedcd2.jpg,0
8dcc0f3e-0031-4272-9bb5-a2b1fdae5f65.jpg,0
1c78de06-4de3-47fb-9cb1-7528f94602a7.jpg,0
192795f7-6c67-46e5-91ef-8370b00609ef.jpg,0
106a1c4a-229b-4e1d-97b0-adabd56f5684.jpg,0
8748f015-311d-4de1-95db-2826e798bd6f.jpg,0
1923a9fc-7e9f-418b-ab72-2766d24c5608.jpg,0
9ce54898-1ea1-4237-9d9c-a3f5d7f4ee24.jpg,0
8579d900-4615-466a-b125-bca42fa2ac1d.jpg,0
0aab11ae-d11e-41bd-ba40-d3d3f4b01b0f.jpg,0
6c5b85ad-9b61-486d-a46c-395be34f130b.jpg,0
136f75a6-08ab-4148-9766-feab50deafc8.jpg,0
3cc0ce9f-7ccf-4d1c-91c6-281c72395ec7.jpg,0
878e8f95-2d1a-4cc0-9041-bfc7840c39da.jpg,0
29f6e295-0bda-4a22-b347-4f310e21bb79.jpg,0
6143832e-6d18-4539-8b5c-7ecf0d42e8ec.jpg,0
25731076-33f4-4ad9-9bcc-d8f721380541.jpg,0
67036e96-c9b9-430f-afe0-bf0975a54ba6.jpg,0
0c42774f-53e2-405c-be2e-1be47073473b.jpg,0
1b958372-a722-4d34-9852-a6dae740854b.jpg,0
b9d78fd6-e518-4d59-9b1e-bed9180d8441.jpg,0
f5d4737d-7178-4285-90c6-c67fea8c81f0.jpg,0
62095984-528c-4eee-bec9-589e50a44c7d.jpg,0
d431c397-aef0-4cb0-a20e-f1cc38f9fdc6.jpg,0
01b73b6d-4c99-4b47-a4a0-c15e9cebc252.jpg,0
e0568501-606d-4e36-b9df-ef350cfb4f90.jpg,0
4fd40796-30dc-4def-8dfb-880577102e57.jpg,0
a52f9e12-9a04-491d-a360-9949cf2a7fbe.jpg,0
e321fb0e-4513-4214-b17d-abe1acaa093d.jpg,0
edce6dbf-cdf3-48b6-9715-d2fd818a3bf1.jpg,0
c77c4d5e-fd4c-413c-b72b-5020cd69f976.jpg,0
3959b2ad-8f99-4c90-b5ef-b345970ba520.jpg,0
38f78d0a-eb67-41d7-8ea8-e3516e5ec5d5.jpg,0
67624a75-6f48-4192-a258-d8c7d94e9ba4.jpg,0
bc0ee865-8402-44e2-86bb-f1278d380fc5.jpg,0
860f1957-4229-4ac6-b486-59268eafee92.jpg,0
7db35723-eaa3-44dc-9486-1663e362225e.jpg,0
acf0a391-da9e-4776-9787-a1f2440b1924.jpg,0
b96450d0-eb5e-4387-900f-a19fb619f3aa.jpg,0
d3817675-d2ac-414c-894b-1cdab9276db7.jpg,0
1d2368c3-3bc9-457b-8c90-ba875cc598df.jpg,0
86c40641-a0fe-4e8b-9eca-985447be0368.jpg,0
24a3949c-14fe-47c1-b91a-ea5ff90f6a94.jpg,0
c6e8f1cd-4c74-4cc5-8ce2-190feeb58532.jpg,0
1106ac85-5d36-4c0e-8854-5be494975973.jpg,0
e4254e75-4c5e-4c37-a921-6b43ac08c5c8.jpg,0
16231da0-6cfb-4002-b27a-c6bcb0c9bc29.jpg,0
2a6cf1d1-c45e-4592-b85c-cd79d3f2a4f6.jpg,0
7f05450c-f173-424b-8d34-d24d552b4459.jpg,0
1513fd36-2dcf-44c6-9aef-fab7e9a48383.jpg,0
300e83ef-54ca-4427-bf02-827ce45c9f36.jpg,0
b79580d6-adbe-4032-a683-a7ccad04ea33.jpg,0
1c58106b-f7e8-4bfe-a4e1-5761dd70dcde.jpg,0
1f919c9f-9cd5-4613-a345-8645cde3d9d9.jpg,0
874d9da6-4992-40b4-a35b-fd58678f8ad2.jpg,0
0a081f7f-f85b-42c6-b8e0-b6d648e13750.jpg,0
cb3f3be9-44ca-471f-ac8b-f3f510257d11.jpg,0
8ddab3f9-9852-4b1c-8e87-db62428d34fd.jpg,0
ff3e211e-bb70-43e6-8a0b-570b84ad8075.jpg,0
a743b2b9-8e32-4e69-96d6-94fec1223505.jpg,0
8f2d4c0a-8f07-48cf-a1d5-6c1b0e3ec535.jpg,0
ab374f44-1abd-434c-888a-a406102060ce.jpg,0
122e739a-e63c-4326-a7cc-aeb2d2874fe7.jpg,0
b60510bd-28fe-4813-9f0e-65a5f0f6d729.jpg,0
19739029-8066-4155-b711-3f3495c61871.jpg,0
63ec1b40-4b04-4c6b-8665-4874d1ae23d6.jpg,0
b3d3e4ea-7b37-4e0a-a95f-1bb01c2eb212.jpg,0
27bd0301-d640-4152-b8ba-ca924f68fbe4.jpg,0
a32090f1-fda4-49c8-a02d-bda264e53419.jpg,0
ce4946c5-0dfa-486a-849e-11fbdfed24e8.jpg,0
52c88129-8eef-4268-aba3-3246a16fa37a.jpg,0
26c169cf-b57d-497f-9f7c-f56c88e0a310.jpg,0
61cd8c4b-b72a-4bc2-b221-ada976cd1d65.jpg,0
743b46e4-0b78-470a-b2e8-7c1ada989af8.jpg,0
0c4376ad-b994-44ce-8416-bf7e04d12288.jpg,0
8ae2dd49-eb3f-4121-ab4a-508a45a8b495.jpg,0
bc3186a3-97bf-4c2a-8711-c3ca9c275471.jpg,0
de0fdde9-d349-4975-933a-64e93a2266c3.jpg,0
ef379699-e230-4d74-82f3-f033a652204f.jpg,0
e82d4a7b-141b-4cba-858d-ead6aaaaf5bb.jpg,0
4f73c886-0171-447a-ba3a-f77f3f2f9c52.jpg,0
5afb80ab-5b2a-43e6-aa13-769a967a6d22.jpg,0
a7dea9de-3ccf-4c90-a03f-97d74ae77fff.jpg,0
abf5a553-7ffc-402e-a87f-dc5843b5c3c0.jpg,0
93516973-880a-4561-ad57-e96cf4074729.jpg,0
7bc85e61-ef8a-4e11-a4bc-183ad66ee9d0.jpg,0
5bf3ca14-db14-4684-880a-03eaabfe1768.jpg,0
a460deb2-ce51-4c01-b3e9-b794a6703247.jpg,0
6c4b3f28-2fe0-4716-a38c-2c6f5f5ceb2e.jpg,0
7a5baea3-dbb3-44b0-a92f-2014aab20426.jpg,0
025633e4-6296-4c99-889f-21d03e1b93f8.jpg,0
1feb5efa-1d19-4dbd-9c16-fbf253e5f157.jpg,0
48edf17d-30cb-4b56-bc7e-810df62e1a80.jpg,0
b310f8cd-ace8-4410-8937-d1f9de142311.jpg,0
3e23b4b7-7454-4842-a989-987e0437a331.jpg,0
a0752a11-42c0-480d-8ce5-197359c57b64.jpg,0
5995048e-cd41-4ef8-879c-a290a92508cd.jpg,0
556b04ed-0f73-4690-b6c1-40cfbba13485.jpg,0
9480aa4a-5f0a-4d43-a970-99ad38ad1d05.jpg,0
4b4c5cac-b17b-4241-9de6-6feb3424485b.jpg,0
fdf6261d-a028-4059-a202-6b37ea06b325.jpg,0
60545c6e-905f-40f9-923d-d2c95ac14f63.jpg,0
61e333f3-6c48-40eb-b4e6-1338ad04ac52.jpg,0
68cdce4d-a9da-4357-a005-0be2881f5790.jpg,0
94e75c7d-34f4-46bc-9ea2-b72751d63e6c.jpg,0
5985a5b6-3910-44ab-b954-5807cadb3d88.jpg,0
6214c188-abe6-41d5-be05-735402ec526b.jpg,0
de28d8d1-c727-423f-85a3-ba394dc568e6.jpg,0
7029aa36-7487-48b7-98aa-3600c2591dcf.jpg,0
1629b079-614a-40c8-a523-edc272750fd5.jpg,0
bab88900-ff4d-4525-8f50-87771511886a.jpg,0
3eb30d42-32b3-4674-ad04-3397838ed639.jpg,0
13e3a797-180f-482d-97e1-bdaaf05c615a.jpg,0
cc641b4e-e803-4afc-bfbf-da6829be0d02.jpg,0
c807e647-5ee8-4f89-918d-f7a060ec94d7.jpg,0
5a6751ae-a6db-443b-b402-fa86b9280de5.jpg,0
06795fb5-25be-4234-9818-6de157bfb39b.jpg,0
c514d073-643e-4a67-bc73-4cd45e9832de.jpg,0
a9e1718e-7c7a-41ad-b0e7-b05ea1009e07.jpg,0
43fd687b-f266-4875-86d1-f1a3ebf914b4.jpg,0
37c7d8ba-309f-40b4-b675-a5a5daea1e08.jpg,0
83496dbe-0a07-4295-8421-84b8643b0589.jpg,0
a118101c-b5e9-4fe0-b480-33d698ae471e.jpg,0
3545ee05-fcf1-462c-91c8-00a1fbb2ad04.jpg,0
4c080be9-5f52-45af-afe8-44976b59f483.jpg,0
01f3a961-d6bc-44dc-9c0a-5cf4b2b68ab9.jpg,0
876f8c81-9c96-46c6-be9d-a6bb6c3c4fc3.jpg,0
1be0fca2-f71a-4088-b6e6-4ace5df86829.jpg,0
80c86842-3025-4221-a034-91490911486b.jpg,0
970ce2ee-8e58-4ec8-b4f6-76648e5304ae.jpg,0
885a1523-df29-4081-a1b0-7a9bd6a6bd7c.jpg,0
4739ec14-b2bc-4d93-a006-8ea725b64d28.jpg,0
63bb6f5d-0c9f-4657-96e1-72a9f8efd7d7.jpg,0
a372a46e-897a-4d94-94d5-eb8965fd6d41.jpg,0
f1e09d22-5ecb-42bf-b231-94ae3768b938.jpg,0
81dbca1b-1f31-4494-8974-c963cf04f259.jpg,0
49b727da-11e7-4639-9a21-a8aee3acff09.jpg,0
930195df-7e46-4ca6-91a0-2764f44e13c6.jpg,1
8bad48ee-e26d-4eb0-ae95-17fa9a271a5c.jpg,0
e9ea5d74-8fd2-490f-9d9a-722c4bc07f99.jpg,0
baf2e76f-f30a-4c57-9bf5-dd5cb63ac2f9.jpg,0
475051f7-d644-4daf-9508-ef6ac059851c.jpg,0
c1493682-9757-4ee8-8d99-5637c5465248.jpg,0
10e08956-90a3-48c0-8fc5-b3ea8349df74.jpg,0
82b195ae-f195-4641-9ed7-4d30d43dbb41.jpg,0
c37aff12-001e-4172-a4ce-49361702b5f1.jpg,0
1babb95d-aff0-44a5-82b6-dea9e075a9a8.jpg,0
f9d45762-379f-494c-95db-5f3935ff657d.jpg,0
dab4708f-a5fb-425c-a5e1-29d96d0b7bee.jpg,0
ccff6fe3-84a5-4f4e-81f6-f00fb495e0b6.jpg,0
9d1f80d1-c5df-4f1b-94ee-5a74e62534c3.jpg,0
9fca7327-0036-45e2-b5f5-d73eefbcf9f9.jpg,0
49cf5188-6502-433b-ae94-dd720e77f2c4.jpg,0
bd6e0109-11e9-46a3-a931-ca07a8b46812.jpg,0
86367061-5f33-4960-b30e-7fb127b3434d.jpg,0
dfec3562-6482-44e8-9f62-22f38c817ad9.jpg,0
016a11cf-c528-48e7-9ebc-e55277f22edc.jpg,0
8589bab5-8dfa-4d29-834a-80753aa825eb.jpg,0
3b85874c-e2b4-4445-90c1-1da339cc34d9.jpg,0
e0e983b4-623e-4ae8-9d2b-14c58797e6be.jpg,0
5270bca6-2716-4f72-9601-004fba1c536e.jpg,1
a3616fb9-60e1-4cee-8df5-24c056242640.jpg,0
c8a687d3-dbe3-4bd3-a1a4-9e3c5f6b4d2e.jpg,0
c1d5cdee-bf53-4c9f-a5d4-cedd61096e26.jpg,0
f70606a2-107c-4dcc-a0f1-42302531cdcf.jpg,0
c0894ee2-a50a-4eea-aa01-6ab833017f1d.jpg,1
9d01d837-6911-406f-ab99-0ab2fc28fdce.jpg,0
02e8ab92-101e-4b0e-b92d-8cce97ce3280.jpg,0
622d7c41-e9c6-4b76-9d7a-e70452125b41.jpg,0
a25be6b2-69c1-4efb-845e-23d393a9a822.jpg,0
1e6275b4-7c2a-48bd-b725-02e53887ff52.jpg,0
0ce91c9d-25f7-4c0d-aa6e-d8fc15bd77dd.jpg,0
f98959d6-7fdd-4b47-beee-ef6b0b67b9e0.jpg,0
1c009d53-5d59-4638-9359-13831d1fa946.jpg,0
5d7c35ee-cdf3-460d-aa9e-c3659cd4ed9c.jpg,0
27d3301a-dfd5-465e-995d-c38d5f928cce.jpg,0
811204cf-053e-4673-b648-962fc4757259.jpg,0
e75737af-2a29-4197-b248-683c55f02e88.jpg,0
e549f041-e603-4432-a4e9-f3b82f0ac56d.jpg,0
3f2fa77c-23d9-4bd8-aab9-47a27ed4e623.jpg,0
3c992c3c-8426-4f6f-866d-589ec4341e26.jpg,0
c47c2330-68bf-4102-ac7b-fb6dd938c9bd.jpg,0
9d4ff718-8e96-4101-9d99-eefb40796719.jpg,0
bb4ca9a3-1781-42f7-851b-a05f24e32f64.jpg,0
e95b891a-631d-45ee-bc0b-105e1a6fe3cd.jpg,0
2646149f-bbb3-447e-8777-046f2816f0d8.jpg,0
4008c17f-56bf-4229-ae25-328c146c0473.jpg,0
39c1d8dd-5ee0-46f5-9422-45444db462c6.jpg,1
01257350-43c6-4cb6-b4e6-4fa4f7b89ae0.jpg,0
967ecfd2-d37b-4651-b31e-357e66797b75.jpg,0
20b26177-b76d-4b8b-93c7-4e0eff0a695a.jpg,0
458aa148-54f4-448c-a1b4-9569513282da.jpg,0
80039832-2f2b-4972-9f02-126366bae8b6.jpg,0
1fe99d70-ac21-4c50-a956-d31939a7ed77.jpg,0
21f01924-9d21-4ad5-ae69-51bcbe0d5caa.jpg,0
5e63f403-5174-4f57-9714-2c48c265cb0c.jpg,0
65ca938e-b48f-4ced-bed8-2303d93e0f69.jpg,0
4a96d804-15a5-4dee-bfa4-0864061a083c.jpg,0
7c9ee403-87fe-4efa-afd5-47fd8040009b.jpg,0
ac6adeb8-4ba9-4722-af18-ad3336d95c0e.jpg,0
3c6ef323-c9a2-4d2a-8d89-29f797747103.jpg,0
b5205edc-3b2d-4943-ab41-627117e2b94b.jpg,0
22fe6ea7-9be2-4fb9-b25e-d576aa5efa31.jpg,0
1dd5ac0e-f9b3-44a6-832f-c5b4181c36b3.jpg,0
efb512d8-a640-4911-9917-e46fcfd46b6a.jpg,0
e107ef4f-4fcf-4e75-9561-96ceed27aeef.jpg,0
57edb9f3-91a4-4f39-9319-00a9994d7dca.jpg,0
64257675-cdd8-401f-b47b-c6e71097a944.jpg,0
d20bcabd-ca32-4e0d-929e-4f1e8f942e27.jpg,1
3e661a87-0753-4b91-a7b3-a8b34a469774.jpg,0
9c516ada-6ee7-46d0-91ef-481420fc95a5.jpg,0
def6153a-d235-424b-a42e-bbfcdc364d72.jpg,0
03132d64-120a-49fb-a845-210b8ea31225.jpg,0
11ce8682-57e2-402f-a397-583e9f787764.jpg,0
6cef058e-816b-40f2-a848-af5e3e34e475.jpg,0
4f5decc2-bb4b-47df-b062-70c82313b31f.jpg,0
a1f5feb8-d6c4-4ee1-8b6d-9b111c1cbc54.jpg,0
17ddc39c-83a6-454f-9a58-5df79a7fc14c.jpg,0
d3e1dde7-b089-44c3-a5ec-b3872845ff57.jpg,0
eff0a47a-70da-431f-b20b-b980e34b6961.jpg,0
0f5f8acb-e5b1-4a35-aff8-b8ae67767b1a.jpg,0
7eb4e7cf-e503-4b85-9ede-7f01993d2f84.jpg,1
ff2084c0-0e6a-4c31-a997-314320980a55.jpg,0
ee7bec79-8882-4e5b-86d0-da4738dc607b.jpg,0
3443bd4b-417d-4cae-b9e9-bd3da56925be.jpg,0
dec754a3-04d2-44bb-9c1e-d2306be703fd.jpg,1
df30cbd4-1505-42f7-9a5a-e73e5a0c8ecb.jpg,0
4aff0d0a-4b73-4d58-8409-5a479b1a421c.jpg,0
a8766c5e-9253-4e72-a6e9-df59b2d4484c.jpg,0
2ebe020f-9bdb-4654-aebc-0331d3a0aebb.jpg,0
34c3db64-ef23-4fa1-87be-fe5b26556a18.jpg,0
d337f737-fa56-40e3-8bc8-e4436353ed5c.jpg,0
e9797fa0-af9c-4a48-97e2-d01712adf49c.jpg,0
1ea6f0e8-407f-401e-b0de-8e4d208a3a3b.jpg,0
28af86a2-8a40-4402-81ce-2b31dea67962.jpg,0
a14d0e14-78dd-4473-944f-51b57d197603.jpg,0
e88bda06-4b3c-409c-90fc-56cbe973441e.jpg,1
12c91cd2-c516-44b2-8f74-9ca481ade57b.jpg,0
0feb9ac9-67df-40cd-adbf-b123ebf21243.jpg,0
a350238b-efc1-434c-b510-617c89bc59c7.jpg,0
ee530216-9370-47b4-999c-3a2cbd69a279.jpg,0
7c2e6174-1f47-49da-adea-c128c03f8374.jpg,0
2494d994-b1f7-4c0e-ba4e-b6b213076e4e.jpg,1
e6290461-dbe6-44ce-be3c-b0c060e60f1c.jpg,0
8ae17a10-be9b-420b-8ca2-e19ba2b31d84.jpg,0
73565495-0aeb-42a3-9e29-17841fd75a36.jpg,1
f95091f7-a937-4b57-9171-62fcd02a9672.jpg,0
20e4aa7b-1068-46a5-894f-1ed762381bb7.jpg,0
86181240-1ff5-456d-9ef2-0e79be13d63b.jpg,1
17020694-c29d-4457-be97-ed14396f639e.jpg,0
073ebbf2-5baf-4a31-be57-73d34b705c23.jpg,0
beeaa953-bb08-4e7d-9077-0267c5af9803.jpg,0
9dcae6c9-3e9c-4861-8712-086b5a5e60cf.jpg,0
27df3c6c-bc98-4a19-bf2c-ef0ea1715e30.jpg,0
0f372c54-b1a0-4d10-8cfa-012a4b225356.jpg,0
3bd0ef4a-fc4d-4cda-bc47-107027a42e00.jpg,0
d17010da-c97b-4e5b-9230-240f570ceb9c.jpg,1
58ee7c37-7540-44e2-8861-bc0720ec8e00.jpg,0
c2b0d61b-fdcd-421c-aaf6-5887f0192b70.jpg,0
6dd5e86a-36c8-43a2-889d-d438fde2de46.jpg,0
1bf64d70-fb64-4da3-bd6d-d9cc24d39efb.jpg,0
4ec1b341-905e-4738-a9c7-17827963c716.jpg,0
dcc77062-e6eb-4e40-b213-c98fab37ef9d.jpg,0
6e7b7004-1452-4ef4-8167-44b366990598.jpg,0
f570487d-8156-4c10-86c9-9d4a9c08abc8.jpg,0
684f7b76-2a86-4636-9c40-bf463fdb2e37.jpg,0
0b6c642d-b08b-4ea8-b176-6e49a567ba10.jpg,0
f00cfbbc-2d7d-4326-88e7-0787c7607b7b.jpg,0
26482d5c-cca2-453c-af0e-865aff5df595.jpg,0
bdb9a84f-bfb6-429b-bd6c-8f875d020028.jpg,0
184c0c89-41e9-4a07-89e6-7d6fb806b167.jpg,0
d16da93b-558d-4264-8115-f06f37d41338.jpg,1
18dc2bab-39b1-413b-a3c2-14576a61bff3.jpg,0
b38721e1-074f-4ab6-9ab4-0eb6d08ae274.jpg,0
2aeae4e3-ea73-45ac-bf5e-9edf28fd2da6.jpg,0
ec48006b-fba4-4b9a-ab61-6e4195ce5527.jpg,0
0e1ae4ff-fa67-4b51-ae1b-a3461684d72a.jpg,0
f4e2e7da-f8ac-4c5b-af07-f99cd6ef8e49.jpg,0
ff554984-ba4b-4999-baf7-d758ab47afc3.jpg,0
91212f13-eda3-4df7-a2d9-70667b7601e3.jpg,0
c0766392-4a69-47b2-bc49-faa39700c865.jpg,0
f911ffb2-cc04-4e08-8ba8-2e0dd3618753.jpg,0
3502c5e3-86f4-45d6-9e59-4745dd2dc712.jpg,0
29c02694-8735-4e89-bdfe-772ce13ccc09.jpg,0
6e8eb027-d722-4a93-8d01-5003b1575bb4.jpg,1
516f4d0c-8487-48d8-9ad8-acb1d13e71a9.jpg,1
f01be3de-5d29-4f59-b816-fd4650e75ad9.jpg,0
ddd8b119-43c0-4488-983e-f8d28835e453.jpg,1
1cc61382-2269-4550-b93d-2e17571de078.jpg,0
d338c3ea-95dc-4d18-ae63-23816a287ba4.jpg,0
1249fc90-7a81-4fde-8fff-a9921eda8e77.jpg,0
d45a44de-e3c3-4728-9aea-b9fdd2fde1dd.jpg,0
89d3f338-d67c-4c76-b546-2eabc2f8a06c.jpg,0
3f6cad70-f68e-434a-9eaf-7328d1b422bd.jpg,1
be31bef6-b539-4a02-b3f9-c1762f683abb.jpg,0
1bcc8db4-b7b9-40ef-b9d5-ddf4d462872b.jpg,0
1a244187-677e-47b4-bb7b-4af383353aad.jpg,1
224daeb2-cc7e-4dcb-b4cf-910dfe28616c.jpg,0
6128a1ef-ef33-4a5f-94f0-b4b46657b3da.jpg,0
5a9e525e-6b18-470e-a5a2-f15135db8cb9.jpg,1
27f7060f-fea4-42b8-94b7-d2e216261ede.jpg,0
e01d9f1a-a3dd-4fc1-9308-d45ee8f79757.jpg,1
e6058b8b-9ba2-4c93-b27a-c800a5703ee2.jpg,0
2bb5e50b-df2b-41b2-9c01-f628b842ff89.jpg,0
b40c517b-e9ec-4421-bb9a-bec40944906a.jpg,0
27936558-3e78-4e1c-8b74-960f06e57af2.jpg,0
388b3e55-4586-486b-bc2d-d0b855888ffa.jpg,0
bfb3f48e-16a7-474b-9f65-2c1f9765685d.jpg,0
ec9a987b-7758-473d-bb32-2bf2d6dab5cd.jpg,0
19675dba-8b81-4729-9bb6-6f612ce1978c.jpg,0
e12df5f6-9ede-4e6d-81d2-6ae94011b605.jpg,1
4537ddea-7dde-4ab7-bd89-256391c40da0.jpg,1
d78412b5-4ae5-475e-9201-c720722801e6.jpg,1
91d58221-2228-4f67-9b66-2d81944eb854.jpg,0
b3140d1f-8091-4065-92a6-65c6070212e8.jpg,0
57f5f095-bf46-4079-be57-6c06d82509a6.jpg,0
1a9bb9f5-bccb-4e37-b68b-8666531ef5a5.jpg,1
15192e14-9651-4456-9f1c-2a335b73491e.jpg,0
efc2ab90-80ee-4db9-852d-c15dae13f184.jpg,0
0ceb9db7-7000-44eb-8f58-82b67f4cd844.jpg,0
8c3396f8-1f76-4236-9fd9-9fa74767f6b7.jpg,0
9405945d-7918-4287-ba7b-dcd2bf33c9ab.jpg,0
94438bb6-412a-4667-9195-33c86e0ffa3f.jpg,0
dc2c9e28-dc0d-4691-90bd-0163e0b09fea.jpg,0
f23eaff2-da2e-4d2f-b316-042789d24d0d.jpg,0
b6b9674a-0771-4937-a1f7-1076dc9a346f.jpg,0
6f898478-2391-4a73-866c-d75f351191f0.jpg,0
cd1692bb-178e-4a54-9065-b3ea9de1c35b.jpg,0
042a1cee-c5a5-4b09-88dc-200d57953cec.jpg,0
16b99007-4d5a-4c27-9ea0-f7d237058d5f.jpg,0
19f67598-047f-4743-8447-405ff66ac4d3.jpg,0
1cf13286-81ed-4596-8d2f-d353aabf642d.jpg,1
864bdcca-5de4-4e78-8f1f-71bf1284b03b.jpg,0
e6bd8c99-22eb-446e-8b2e-005eb1aff1e8.jpg,0
bf281fce-e291-4cf4-a494-f739d1540f5b.jpg,1
cc736996-711b-4590-b10a-4f232bb9f4b6.jpg,1
3ab6c81b-58f9-4fd3-8e6d-fedb13c3083b.jpg,0
7fbf2b09-8b05-4921-8bed-9d85430de60c.jpg,0
f7241af7-ed16-487d-a371-66a9a8b72a0f.jpg,0
5d552c15-f8a9-4604-9964-7bbee4f78c9a.jpg,0
39be4089-8824-435d-b7e8-aa31f1e0079d.jpg,0
15d25038-af74-44e9-b5b8-8a6d6278198a.jpg,1
f897f78c-4caa-4f8a-b286-b151300d1d2a.jpg,0
1651f96c-238d-4498-aac9-b59b2e2ce328.jpg,0
2fe8c32f-74ed-450a-b71a-1a83f25459c7.jpg,0
246a763b-a38e-4fd9-9252-169109e8883b.jpg,0
12bb33f2-aa6b-47db-bf07-9684b90ce829.jpg,0
4df2ef53-f1fc-42a0-a4cf-fae17f98c257.jpg,1
9060bd93-746a-430d-8901-366d5d5c0770.jpg,0
b069dc30-5260-4fd8-9779-8a674e4bd3ff.jpg,0
36557648-d02b-4306-9ac1-f9d5dcca1f21.jpg,0
dc0a4426-7e3f-42bc-b74c-067189fe0c47.jpg,0
b7a98be1-5307-4710-9bd1-e9fe57bf155b.jpg,0
9dc8040b-71b2-44b1-b66b-e1632694ede9.jpg,1
7d81dde9-87ce-489f-b28b-6777b8cbd1f8.jpg,0
d19c7cc3-b900-40a4-bc37-40177d6d9bb8.jpg,0
34609df6-4508-4205-8f11-3385270ebd77.jpg,0
bd50937b-21a0-42db-b460-af94641d2fc8.jpg,0
f90b9c37-0467-495f-adfe-e8f04eefade2.jpg,0
afefed24-08d6-4d7c-bbd9-89a15295cd28.jpg,0
bfb13f4e-f443-4b98-bcd0-5da08e6efa00.jpg,1
8a93a231-5ce8-4b89-9c29-643f5cea1222.jpg,1
025ee944-2234-4317-8510-97e791deb659.jpg,0
e6cab047-8771-40f8-a4c2-e720b14e769f.jpg,0
bdc8056c-ecd8-4054-864c-568d54bfc371.jpg,0
af86ef0d-685d-4f43-ad1e-fddb8178af5c.jpg,0
32e097b3-0a5e-434b-9947-e6eaf48ffee4.jpg,0
407da2f3-afed-40b6-8c36-4f936323315c.jpg,0
25af0c92-8fae-4f1c-848e-e8415cdd304b.jpg,0
286bd61d-2af6-4405-92d4-f94723110830.jpg,1
65fcd1d8-daaa-4072-a848-f5738d38ed8d.jpg,1
b53e35bb-fc0a-489f-9adf-e856832c9bbe.jpg,0
fe307a01-23eb-4d65-aafd-536e0a713ec2.jpg,0
11b757e9-1f07-4405-af8c-629bf014ebe4.jpg,0
5db097e5-e47a-4cd7-b3b6-a22af53220ee.jpg,0
5685a6a1-b607-417d-9c77-332f878a6172.jpg,0
92269025-678e-43ca-bdf3-6e3df8b9168c.jpg,1
2c1f3d22-d285-4311-b625-ee7ec193975d.jpg,0
1d76ad4c-86c0-483f-912a-4a494ed0e87e.jpg,1
27156657-f45e-4977-a804-e5918b5bcf0b.jpg,0
dd2eafbf-2c0a-4e3c-9440-b82e2953a18f.jpg,0
05362d55-c21d-49da-8ddf-4fab2e68f8fc.jpg,0
d4989917-0738-4ed0-b776-137cc60854d0.jpg,0
7978df0c-e566-4472-b25c-66d6442b1f1e.jpg,0
86a22ea2-b835-4301-8508-0d402d159fdf.jpg,0
347f8289-839d-43d4-b094-56d232d440a5.jpg,1
96437546-9088-4944-b28b-aba8da6e4036.jpg,0
1b483885-c90d-401d-b561-d1c8a158afc3.jpg,1
404c243c-c380-4f9d-8d29-3b726df5e2de.jpg,1
b16e44f6-97c1-4275-93e7-cdad89e97fdb.jpg,0
7932d519-9b29-42e5-bd82-4b96997f02dd.jpg,1
ee0975c9-d462-4a74-b227-2d430e5941b8.jpg,1
ff7da787-92c7-4c25-825d-fc2026125a72.jpg,0
57e378d2-7988-454e-932b-50d037e4f96f.jpg,0
72345240-ee2b-4a63-a9ba-75d4f3cd7864.jpg,0
ed9f0739-be17-4526-8b13-4a6936fd5df8.jpg,0
82caf787-5b3e-4f1e-bd89-9e79e4579bba.jpg,0
b0afad9d-8ec3-42e4-b809-9d956a3c53fe.jpg,0
f02014e9-b4ea-4375-a972-7c2297f907a2.jpg,1
e4c495d9-918a-4206-b3fe-8238854df73f.jpg,0
18023935-a7eb-4c64-ae63-691eba872f20.jpg,0
1a31ab6c-83cc-4ffe-801b-804a05d363d6.jpg,1
97f86a42-06e0-406e-8228-ee8615019940.jpg,1
5ae81a64-8121-4589-8774-64843a91f12b.jpg,0
bf3d8c99-fc58-4412-94f9-3863671db125.jpg,1
888a55a9-4cd0-4055-bdbb-c1dbb8110e85.jpg,1
1ae758da-a4c5-415b-abd1-669f6be8d7c0.jpg,1
d58380d9-9d42-4458-8aa3-0650b652de42.jpg,0
a512609d-132a-407d-a28e-1b3e3d291ca8.jpg,0
462bcff2-8468-4697-b90e-199ec6b76771.jpg,0
ef470ac0-d0a4-42c2-a71c-f24d95c9b3a7.jpg,0
9be75320-b717-4a55-b2f2-86f836823e8c.jpg,1
21e9fa7d-fe7d-42a3-bca7-fbb01fccf470.jpg,0
5ef4e3ab-3329-4154-b51b-f699a0fcd3c6.jpg,0
57286aff-52ce-43fd-a1b0-3191067db9d7.jpg,0
cdde9bc7-9163-48b9-b1a6-f085b9ca222a.jpg,1
07f561ab-e0ae-4754-a96b-c7b59b39f4cb.jpg,0
1a2c20ad-887e-49f9-b292-e6969c270b2a.jpg,0
8fef6c4d-5a6f-4271-b866-b50518b19739.jpg,0
a6f26fe9-56b7-4fcd-96d8-ecd79844c3a7.jpg,1
fda1d03f-4c1f-4daa-95d8-facf8aac3edd.jpg,1
c637c9c9-b8fa-4ffe-887b-2ebdbe147809.jpg,0
c36e49c8-c991-42ab-9ec1-b059fad85f60.jpg,0
427e641a-a8e6-4c0d-8f7b-c615520b9009.jpg,1
a12fbc54-bfd5-47a2-a25b-37ffe40a0494.jpg,1
999ba3a7-2416-4b90-b51d-9b801a62f2ad.jpg,1
b34690a0-02a0-4cb1-9a8a-124287b53499.jpg,0
995cf055-a1c7-4315-85a4-0e332660e0e4.jpg,0
b1621bad-56f6-4f8c-8436-289097ac07c7.jpg,0
43663f10-a5ee-41c4-9dcc-fe957a754364.jpg,0
2357d0c1-61fb-4ee8-ab34-5d3d68f6fed4.jpg,0
e08c3601-e2a3-4254-9391-ada6e2a9aeb4.jpg,0
6946abf5-e9d2-47ca-9f13-44c06260faa0.jpg,0
8d2cf4af-2f50-4eb8-b6ec-824cb9a348e4.jpg,0
4bfa0154-00c0-45b6-8d2d-fe549b17a269.jpg,1
33b4aef2-56c9-4e4b-8bc7-b70b57aac85b.jpg,0
0ceccc5b-b2f1-4ee6-95f3-3f415f5e5008.jpg,1
a4313520-d7df-44a3-a83b-17e3acd4e0ca.jpg,0
60b22334-963d-4ed2-a958-f8da7cea1403.jpg,0
8ff90a88-45c0-43c7-bf73-07eda1a51b17.jpg,1
3be996f8-ea20-4942-bd69-9f8b5571f4b1.jpg,0
4917c24a-7b32-4947-a0fd-88b7e11cfc03.jpg,0
594a2560-ae42-436f-9d5f-a172692c6ca2.jpg,0
c01fd47c-dc1e-4ca0-91b7-dff8dcd3158e.jpg,0
f0e47a8b-f85f-46ed-aa8f-9c247fced5ed.jpg,0
54cfb3ad-a08c-4d4b-a2f4-60260c190067.jpg,1
07eeb1c1-5592-4f25-ac30-5478ab0f1089.jpg,0
98c78864-0b1c-482e-8640-44f4e9c0e454.jpg,0
b9c9757c-2e64-4cde-b03e-ba189107d287.jpg,0
467d51ee-40d8-4c13-83c7-5d813892a573.jpg,0
49939431-45e1-4d42-bfb1-b7f88099e380.jpg,1
920e71be-cd64-4fb8-9004-28a7fbdaf735.jpg,0
be42e84b-c53c-41aa-846e-58460a38d9b8.jpg,0
94179052-4d73-4672-a02b-a261dd942ac0.jpg,1
d8256656-a87a-4a17-8ca6-fc5c0284f088.jpg,0
1a49fc4f-de56-4eee-980e-6f1b4108ec40.jpg,1
3f7689cf-e69a-43b4-a439-6f53b350e94f.jpg,1
7d374904-d1e4-462b-bde6-dcf41697c7b2.jpg,0
57182465-012e-457a-971c-9022267785a2.jpg,1
8ce0d260-3785-45fe-984e-c93921e5bf38.jpg,0
56dad73b-5037-4944-9d9a-5c7ae6486528.jpg,0
834278d4-54e6-4c5b-99f3-b48ca2531629.jpg,0
86cadee1-a35a-4efd-8b5d-babf581702ef.jpg,1
05249c46-6876-48da-a79d-a8d526663d8d.jpg,1
eb911903-8ee5-4851-b086-ddb811e4383f.jpg,0
e8a27e7a-bbd9-4380-904e-385b952ee536.jpg,0
7bab01c1-ba5a-414a-a817-460f404f8f49.jpg,1
eb321134-25c7-4370-a970-fd72a3363c84.jpg,0
dc92722a-3088-4a1d-b4dd-9ff942bfa6e9.jpg,0
0bde1e85-68a0-46fe-a497-9da2289ca9ae.jpg,0
88b38720-f14f-4cfb-aa27-a72c5f583e5a.jpg,0
028e8798-be71-4f9d-9a76-319dbbdd09b1.jpg,1
1ad2a16c-a29a-423e-bf73-a961d793de13.jpg,0
906387c2-4ca8-4665-a43e-0ac3471ee35a.jpg,1
1be1e5d2-1fa5-49f9-a467-76795df2ff47.jpg,0
b7c750ae-453b-44f3-96b6-08eb9df97ade.jpg,0
a0d11408-6062-4fc0-b44b-efbe88f4bb32.jpg,1
ed78e0f9-d4fe-4ea0-ac7c-e4f003a1924d.jpg,1
aed17587-413a-4365-95dc-b170132ecaca.jpg,1
3b3955b6-064d-4cc5-aa35-b4837976aa47.jpg,0
f63408f1-99b2-488a-8cae-2c855b8448f2.jpg,0
f593dc9c-791f-4e82-84c8-662c2662fcee.jpg,0
e4ec8707-6812-4084-9548-03d24de0eb49.jpg,0
6814c3d1-9e83-43d7-9e40-a8c0ae05d417.jpg,0
42b26cf3-1e6f-4aa8-b609-077343cf4ce7.jpg,0
dae3c0b8-e00d-45d9-ad1a-f7f601ad156f.jpg,1
b6c16fe4-1c2a-4ba8-b1d5-37b4ca5547f9.jpg,0
2b224422-0925-4e61-a723-9224f9706a39.jpg,0
a6ee8dc3-7b46-4bfc-8462-d66656ea3a9c.jpg,0
7b725e88-5135-4149-bd0d-3b48e311cd89.jpg,1
1065585e-e727-4201-80f8-699dce01574c.jpg,1
cf6b733c-00ad-4194-8d51-40f4a9b6f5fe.jpg,1
ff49326e-a37e-4951-b4c4-bf1b3df9de13.jpg,1
6b42cd34-0f82-4127-9582-0aac798812d8.jpg,1
d9183cf1-dd0e-44b8-9497-488a3b36d1c3.jpg,1
ff3393e9-872b-41b8-a4dd-a07255ce4ee1.jpg,0
fd1c6935-114a-4444-80f6-294e7a7dec53.jpg,1
86e7a9ae-0db1-492b-8ae2-8ab4a5f126b4.jpg,1
19c349f8-2311-4844-9d7d-007197cc93cf.jpg,0
738a74e5-2682-403b-b1a2-a6b93a82e58d.jpg,0
b69b2ac0-db83-439a-935e-a6e0a2c78522.jpg,1
45ebc45a-677f-4b9e-b044-bc9f688048ec.jpg,1
53f6912f-ba41-44c2-a919-ec4ff65064ae.jpg,0
25ef1bbe-c5fe-4c10-aba4-918cdc437427.jpg,0
f0be27db-6a44-4d1e-a46a-a0dcc02fd6e1.jpg,0
42e1f1d8-1073-415d-bb40-13783763cc67.jpg,0
0824629d-19b1-41e1-b483-1f29db65303e.jpg,0
31509be2-5a9d-423e-bee5-ce1a872dbed6.jpg,0
f57bbe56-29e9-4e28-ac34-e95f37d1cf5f.jpg,1
3e4be5dc-e74c-4b08-b759-ac8f29c6f28d.jpg,0
1499c69f-253b-48cb-8845-b46dfa1d2029.jpg,1
5ac860c7-92d1-447d-a54d-ffbdf3f72a6d.jpg,1
3619e1b7-da16-413b-8d7a-dd22b48862e5.jpg,0
6926b0dc-822b-4d1b-9943-cb19f315b5bf.jpg,1
62a0a9cd-4acd-4104-9bc0-b89a329db918.jpg,0
c8bd0df8-7baa-4db5-a771-8c066b240b73.jpg,1
0763f389-32b2-42c9-9fc2-301491f9e5f9.jpg,1
9ce03c77-ac91-4f9f-a0ad-23219934b5ad.jpg,1
6e1ca251-d3e4-4ec0-b9b4-0f1bbd919638.jpg,1
8278ff3c-efb0-4c57-b8aa-ae84263b6e81.jpg,0
e047dc65-c93e-4952-8cf3-2cb2b4b8f618.jpg,1
3c8f7a11-1e19-49b0-acf7-0c4dca5c92d7.jpg,0
abc7f0c4-4a3b-4287-9237-483c5089d8ce.jpg,0
b4d0589d-9087-4f3a-bf72-58d618679d08.jpg,0
06f88a22-aa18-45ed-b86c-53596bd88d71.jpg,0
ec151af9-bb53-4a0e-a513-5dcca9460b3a.jpg,0
6f81b530-2044-4317-b6b6-64962def601e.jpg,1
f23e4184-0440-4a54-99e8-7334bbc7218c.jpg,0
75988244-204e-4349-b836-db7129eb1980.jpg,0
97cf7bba-f09c-4632-9a57-b9c2bb5a03a9.jpg,0
e492e2fd-7920-4422-ab38-3ea882b1601e.jpg,1
f0545fe0-6920-4f35-b698-5ca55ac691aa.jpg,0
531f9814-f162-49f6-9615-b4a793632afc.jpg,0
934bc94b-cc7a-4a77-92e0-d6762c0d7cbb.jpg,0
4e485c4b-0656-4ffe-a6da-58452ef124c1.jpg,0
01baf5c0-38d3-4390-85da-96c67be8e202.jpg,0
99b0b2f9-447b-4ec6-af41-55838022f116.jpg,1
6269138d-d067-4b97-8a46-99e7d23c9228.jpg,0
56b2e529-b1c7-433b-a38f-2f1d73996873.jpg,0
c278c68a-960c-4eea-a077-2a9b79c5339f.jpg,1
d0023e5d-1671-4678-96f7-1efdb8dcc955.jpg,0
54f6633e-00de-486f-abc0-7996c7c3c9dd.jpg,0
a94f8ffe-b151-4708-aabb-a66280f0147a.jpg,0
253fdff9-bfb7-4ce4-a938-c869009c3319.jpg,0
b70b427a-0ec1-40fe-bd10-a3b34785e63f.jpg,0
f4aa1aba-df23-47b5-8b68-b4acf5c7a49e.jpg,1
f66c0c8e-1bf6-4416-8e6d-7d350b661123.jpg,0
c5c108ae-4051-4bcb-89d1-1bdd6d727f34.jpg,1
f7a53349-3779-4347-b549-68267c1ec92f.jpg,0
13be5cec-bbdb-43da-a50f-6ea08c8bcbee.jpg,0
523ec94d-a2d3-4da2-bb5d-99ffdac0f8a9.jpg,1
23226596-b976-427d-bf64-997f318298fe.jpg,0
2c3efe14-44f0-476d-9086-6af40d89f23f.jpg,1
b00fe452-c0f5-405c-a71d-f946612b2855.jpg,0
5f58be76-9134-45cc-8df8-40c7ce3853d0.jpg,0
a6186eb4-24f9-4835-91c7-d56e6039dd94.jpg,0
fd22aac8-86c8-449f-b524-871099d4c156.jpg,1
be80fc62-d5b0-4d18-9358-1afa2e749517.jpg,0
d36a679b-7638-4b6d-bad7-6c6419fea3ed.jpg,1
2d1b6977-09e3-49f9-b05d-83cbd16a90af.jpg,0
6c232f78-ce17-4085-ab4e-c5b4863b8c9a.jpg,0
75d8e036-4dc4-458d-95b9-a89cc9bf412a.jpg,1
6682d281-8a6d-4660-ab7d-d4906a2a836b.jpg,0
f3dc6b8b-d3f4-41e1-aa1a-6053d38e184c.jpg,0
7c3e3c4d-2051-424b-a23c-da830b7edba2.jpg,1
0b7be536-9683-4497-84ef-204f2a42e504.jpg,0
8c7b1b9e-b759-4987-81de-32e86aa1d519.jpg,0
c19f510a-e175-4037-ae03-2e301fe64b7a.jpg,1
5371e3d0-b18b-4d88-b450-06a6eeeb3d74.jpg,0
784122fd-d2a5-4c1e-9fb6-5c9a59f2f405.jpg,0
795fac2d-8800-4e40-b38a-b919156a8d9e.jpg,0
b3df2d07-8b61-4ebf-9aaa-341eae0d2716.jpg,1
12764893-2ab8-47c2-91c5-de800bfae4db.jpg,0
b49daee0-4f32-49b6-97a1-9639f61c327a.jpg,0
d69a4d60-0282-40e0-85f1-3eec33186ca0.jpg,1
2fcf498f-44ab-4933-afcd-2df026a4b264.jpg,0
fa4341f8-cf0f-4ed6-a9cf-9c978a35d664.jpg,0
bcef6fe6-cdfa-46d9-a846-875a24f51c41.jpg,1
bace5784-7eac-469f-9715-949c599e67e8.jpg,0
7d9e90b1-04ef-4e38-b513-441e492a89ba.jpg,0
3246c531-68ac-4bbc-80de-526a60639384.jpg,0
31f60d75-d764-4f5c-9f95-d9df9fa94407.jpg,0
da020caa-7b5f-46e9-b24e-c8f5ac386932.jpg,0
ea49f2f1-b464-4eaa-ae8d-38c9c45b3db7.jpg,0
daf00e1b-4391-4ac8-8012-bd8343a68663.jpg,0
1625ff95-1bd0-4d3c-a4fd-ff6255b8774b.jpg,1
d4820384-d74d-44ec-941f-cd4307965763.jpg,0
9420e4f5-ab07-48d2-bfb7-371f065aa105.jpg,0
1455160b-dec8-4b2f-ab94-4059f7fc25dc.jpg,0
655425aa-027a-48bf-b6e9-3b9bbffb08cb.jpg,0
00cffd9f-8be8-445b-86da-17b14b41e1cd.jpg,0
62a97760-35e1-4dc5-96e4-5f3c4137aac4.jpg,1
deac418f-610f-41d7-b8ec-db9f12843977.jpg,0
d783e228-774d-4c87-928b-67cb93c7bc55.jpg,1
2b61430e-a192-415c-8ffa-f676bd7e9061.jpg,0
63ddf4aa-7807-4db5-be55-f4531f53c18f.jpg,0
313aa546-d4ca-4bfd-a409-f0fc16e5a981.jpg,0
100a9476-0dc7-4987-990b-76a0de9f6813.jpg,0
71c20662-1d19-47e2-be07-e8f9ae5de3d1.jpg,1
1cf3fca3-105f-48f3-8cd1-496107210d53.jpg,1
e5e557de-38cf-43bb-85a2-367079c4884d.jpg,0
682e686d-c60e-4658-b7a5-2234725c7ee3.jpg,1
9d1b031e-5dfa-4178-848f-3cfe46280ef4.jpg,0
cf5ece6d-aa2b-47da-9ff3-06abd6c480e5.jpg,1
b7298e4c-4adc-4249-a7ca-179ffd038d81.jpg,0
7ef6d2ad-bdf3-4532-9e66-a4219f3d55a4.jpg,1
cc2f345a-5531-4c81-b330-8660577d9241.jpg,0
48df7208-b921-4bf2-90bd-4f63b17720df.jpg,1
bd123317-2d4f-44fa-8234-b753a46bea2e.jpg,1
d68b08e7-f6da-48e3-a7f2-5d09ac5c52b8.jpg,1
f4eb821e-a0e8-4054-b3f2-c44673572040.jpg,1
938ae988-e9bf-4381-9e6f-742a0810c5ab.jpg,1
d08b5e25-f7cc-4bca-8c36-bc0b3aaed4d9.jpg,1
e81c1b38-757a-45bb-be5b-87f0ead74ab8.jpg,1
2afbb65d-6ad8-414a-9da6-d49943724f5d.jpg,0
47f1acbf-59ea-4775-b0a1-31aa60159a6f.jpg,1
d750d3ac-7425-413f-8174-4be831956f31.jpg,0
4d84d3d0-4ce2-479d-8df2-a154b294f819.jpg,1
f5aa5f75-2fc8-48b2-bd07-b8a1b809cee7.jpg,0
1c2abc98-8991-474a-8016-3b967f5c1183.jpg,0
e1ac0afa-73af-4bf3-9e83-37f4366143f9.jpg,0
20ba6bac-4861-42b2-9362-48f6ceb76f52.jpg,1
288055e0-bee9-4013-8bb1-ef5be360e504.jpg,1
92e14f31-e1a2-4e78-878f-892c72b4d870.jpg,1
be56cfa0-f1a0-4e04-aab8-bdcb22196b73.jpg,1
d1a18bba-ad62-444f-9bc1-fc12a0e7a126.jpg,1
a84c0587-ab5f-42a8-9ca2-ab00712afd5f.jpg,0
c05b4fc2-37c0-4149-a103-9387020554a8.jpg,1
76cb5f48-1a68-4e6f-8f4b-c1ba7c8d4134.jpg,1
4b6f8f43-c04e-48a3-90a8-5b225d8ae3b3.jpg,0
1f493dd5-7237-4ce2-865d-3b5d6f9a76e1.jpg,1
81eb816e-6281-4fa1-b023-b890818a850e.jpg,0
643f2711-516d-4f19-9625-8ce179ef83c5.jpg,1
e07a6f06-885e-41ce-b4f6-734a525c9668.jpg,0
8442c812-2b36-4506-aad7-f7dba1c17d02.jpg,0
b94aec24-e3da-4936-a562-9e9b943f6f44.jpg,1
c6f84ece-21f6-4a07-ab01-ebb0eab4ae16.jpg,1
3d43b632-e829-4591-bb23-3eba54e0d1ed.jpg,1
e49a7ba2-69a5-42ed-a67a-b156692174fa.jpg,1
3a18dd63-0891-42a2-9da0-91e52e128d75.jpg,0
38d9461c-0fab-4b2c-adcc-3195f2f28d8e.jpg,0
b4795ed9-37e3-44a8-a853-5d54c47a6d15.jpg,0
597ee3b3-2087-4943-ae6e-c9ed9b6984d5.jpg,0
2f6fdae3-af59-4166-bbe5-ecb25bb55c73.jpg,1
475a810a-3a59-4e12-be9b-849f48be840b.jpg,0
370e47c4-d4ad-4235-8781-515f1b62e244.jpg,1
b134fb2d-0dbf-4d17-bdad-90da369bf2e9.jpg,1
8d408d9c-71a7-41b5-9d22-f800c2b70467.jpg,1
f5af7f81-cf97-4010-b9cc-cbd1dfed6756.jpg,0
b595f369-f6e6-46ad-bff2-4f61380bc107.jpg,0
821b360a-ef63-43b4-9482-234c26191334.jpg,0
7cebb2b4-7141-405b-8ec5-784d24236b50.jpg,1
ed025876-2ec9-473e-8e3b-e39be2fead7b.jpg,0
62646796-dcb0-4e5e-b3f3-66a83ea6e1f0.jpg,1
4a78a313-f5a4-420a-8efa-5ff398f16b4e.jpg,0
573cef6c-6865-44e0-8640-19dcc59cdb98.jpg,1
247811a5-2474-44c6-9e7b-d3a4b889fda4.jpg,1
cd712cde-ddc7-4e4b-9576-ebae65a5718a.jpg,1
baf51839-b04c-43b0-8a0a-25950c92f7dc.jpg,0
5907cf7e-a3c0-4ea8-8e96-de2c3bebda20.jpg,0
d736baef-691e-4e82-b33c-e4a2a617fd76.jpg,0
c235143b-d1de-400b-ba2d-8546109cb13a.jpg,0
73a6f348-0770-4157-ae4c-ed42ef19e2a2.jpg,0
2db787b6-bee7-4b43-8585-131beafc4dfa.jpg,1
e4423271-3251-4236-bc64-0733eb800c45.jpg,0
8953391e-d738-40af-a0f6-405ad7b01fa6.jpg,0
23684c39-5765-45dd-94d4-fdaa536ef779.jpg,0
2ac6bdfb-e279-4a5e-837b-851d5cc53a26.jpg,1
2f6964d2-dce5-4f70-8c1f-4e76af31e87f.jpg,1
f115f71b-3371-4614-907b-29d8cbf9ffd2.jpg,1
f8f03b6f-8841-40b1-a8e8-9e1b973d53f0.jpg,1
679e7335-0678-4954-a2f2-d7d7aded2fba.jpg,0
1b2421af-d2b7-4b47-860b-b32e828dfe67.jpg,0
f091f117-8e3a-4fd4-9419-41cd3d88e680.jpg,0
a88f1684-6d83-43b2-b357-297165193cdb.jpg,0
27185f18-6c48-407c-888b-c3ac9e5d582a.jpg,1
6cd19667-0af8-4368-996d-437bb8a39da9.jpg,0
bf373020-db83-4267-b858-c53a4eef2482.jpg,0
b066edb7-5c66-4318-a900-01c6e14b1b80.jpg,0
d72fe4ac-c4aa-4553-be84-53bcbea7f27b.jpg,0
a27c1cc4-3006-4e17-ad90-a3f5a55d2871.jpg,1
4b98b9e0-9a61-4101-9aee-9c8396e20bd6.jpg,1
742423d2-36c3-4675-bdd9-98b263071216.jpg,1
85d5cb96-09f8-4955-87da-38545a8d135e.jpg,0
69fa9ea1-72b9-4672-b7f3-dac6a605e831.jpg,0
5213d35a-6ad6-4abd-bcc3-1a79446ca8b9.jpg,1
c61d5175-0c10-497d-8f29-58c2087b6ced.jpg,0
a4340338-5d6c-45ad-9812-82a0f3224e38.jpg,0
71ba9a61-90d1-4c30-89ab-ce5527728803.jpg,0
22d3c500-536e-4335-be38-4501afe77285.jpg,0
58a885b3-c41c-4435-b99d-71a005c40f27.jpg,1
0aa5659c-253c-4fd4-a0d8-1e428b4f4a8d.jpg,1
71a89005-3657-4f70-9209-aee52fe0ad30.jpg,0
711f3be1-90ba-4d18-94a4-2a9f427c5147.jpg,0
743d1c7f-103e-4b87-a0b7-ce19d2500334.jpg,0
7df4491f-1c48-4b47-b657-1f6fbb7d6778.jpg,0
5bac68d7-d53e-4092-aac1-1e97d3516a4f.jpg,1
b13a9bb4-9164-498c-9e76-921e3209ad9f.jpg,0
02f29023-97c2-4d3c-96b0-e8efeb086f7b.jpg,0
43760f35-1c40-4c1f-98e6-139a8aa171b0.jpg,1
2db8e689-8511-492c-9b03-0cff9af6cf97.jpg,0
e5b14cf0-7e9d-4aa1-bc1e-14d4e8a498d3.jpg,1
ec1dc035-1ae1-4383-8533-2d32b3fdaced.jpg,0
3886adff-61af-4455-86ca-f4ee71710a45.jpg,0
1c466c53-99e1-4c23-b41e-0718211413d3.jpg,0
3eedb48a-35e2-4730-b571-25bc4879c26d.jpg,0
d0c8dd04-c41a-4a34-829e-6e361a7db6e5.jpg,1
5da1607d-26dd-4c40-95eb-d04ab26b646f.jpg,0
a9d998c6-510b-477a-b71d-1b1edea5518c.jpg,1
e73a9eb9-585d-4a15-bc36-40394bc342c2.jpg,1
c7278780-3091-426f-9b47-ad0435ce82fb.jpg,0
c7eb0b76-8452-4968-b3f4-3d6337d21953.jpg,1
7e506eaa-19be-423d-884e-8144615f243b.jpg,0
780a9d54-1f60-4a50-b92a-03b2366db749.jpg,1
282e5899-ef99-4f6d-9666-cf3f1c7ce967.jpg,1
3cebcf0d-d5d1-4c61-a9ec-5695d9abf959.jpg,0
9ab9872c-57ac-480e-87eb-16188ab154c9.jpg,0
17ac5fc8-7007-4c3e-b92e-2c1cba0e9ca5.jpg,1
cdcd8911-9a3b-4ce2-a378-96cf23f75f54.jpg,0
f40cf565-7197-40a9-a4c4-a8ab727d5f7d.jpg,0
c6c55bd9-c7e4-4952-8792-318a74797b3c.jpg,1
e143be35-bf0e-45b3-a951-65eb03ab1c64.jpg,1
9e3cdeb7-a3eb-4d54-9f24-88620e340556.jpg,0
ab6d724d-bf2d-4ecb-99ec-b302daf46a98.jpg,0
4a2137bb-5274-4edb-b281-fe4881c84412.jpg,1
55450f89-c710-41d3-bb91-1c7dfbc3cf95.jpg,0
dab5d4e6-d60c-45d1-82f0-5d6c3a023950.jpg,1
1416dcb5-9dcc-447e-ad92-d7ce193a26e1.jpg,0
d5d6739b-cfd8-42d9-bfa1-f8bae1b6c09b.jpg,1
19cbe5c3-1ab3-427c-aae5-3e9bcf2d95ef.jpg,0
2a14f41d-9181-4324-9554-22e08f1dbc94.jpg,1
b360343d-9716-4893-abc1-336b20f5643c.jpg,0
e9f15e2f-c682-4ede-a422-9c1e5217d416.jpg,0
11092666-5196-4186-99a3-769d6641961b.jpg,1
dbc2d7c6-a5da-40f8-a322-4e02bbe79732.jpg,1
5119c2ca-fb62-4ad9-8c32-c78bc216e138.jpg,0
1f223cc9-1f45-4056-93a1-d0b87fe8d0ef.jpg,0
bcef9501-7fc0-4ff6-9832-a8f4dfdd8e5a.jpg,1
c1330560-9978-4815-92a1-edca6f2ecb7d.jpg,1
1eaa7392-aa6a-43a3-9d60-ef9a71e0a138.jpg,0
37f366ef-8d84-4111-b4e1-20123eed29ed.jpg,1
b2bebda9-3038-4485-b352-a48e7014dfaa.jpg,1
1e037d56-4dd9-4e5b-a618-2c3b4a5c8fd2.jpg,0
8f89245c-cade-456f-ab66-11f70246f414.jpg,1
64c6ad91-077f-40e1-83e9-49cbc66d4a12.jpg,1
bccc7ef4-5021-49a0-8392-1578806cf908.jpg,0
808d0c36-ea61-4ac9-af96-52ddf6385a79.jpg,1
0efcecce-d19e-48ba-80a8-3b27c8188bb3.jpg,0
ac59ad60-7db1-4309-a05f-abdda69336e2.jpg,0
ec7f4ea2-7631-4af4-b3f8-c50a4202956f.jpg,0
b33d3b5a-13f3-4eea-a1e9-65698047b7f7.jpg,0
969f4f85-b842-4cb3-b043-55f8e388bc6a.jpg,1
51fa4dfe-c47c-4f4a-93fb-c6dc720ee102.jpg,0
3a0a1579-7398-4a64-bcd0-88fc5aa80770.jpg,1
cc36a9cc-cfc3-426f-9d2d-f36628460c3e.jpg,1
fb92ef7a-eb68-4f58-aaff-00641d853ad7.jpg,1
5ebfffb2-b538-4658-9032-946c8282ff93.jpg,0
a1c54700-ab04-4e71-ae36-3f319bb9273d.jpg,1
a55e8b0b-4b40-4094-9ef4-6d7163075d54.jpg,0
5bc61fdd-39c1-4b16-82f3-578f9cfdc4f5.jpg,0
c2c350c1-189c-4226-aab6-45ef3d042f88.jpg,1
3e8826dd-42f6-45e8-b6a7-3543aab25617.jpg,0
c5b7e4b8-133e-46d1-8e41-713f12d1f1bc.jpg,1
01435257-2610-4bda-a488-49d6e08e41fb.jpg,1
02bc7e75-3373-4771-ada9-2bb86ac9b1eb.jpg,1
aa2a91e8-1c88-4b6b-a50a-8849d79660ad.jpg,0
d08cccc4-f417-4254-89c6-624b0b5d85ab.jpg,0
0cb03a90-9a3d-49e0-8040-7f24b83db1fa.jpg,1
63904e33-8199-4bd5-bf72-2e30aae4f9b5.jpg,1
a97bd2cf-ab31-4220-9335-38a83eeaa6dd.jpg,0
ab258eb8-b6a4-4c6f-a48b-0b40149b3b73.jpg,0
f958e600-8a7c-40ce-b6ba-156792ee7fa0.jpg,1
ad6e0def-ed55-4e54-a673-583f8fe71c53.jpg,0
217fca3f-e944-4367-81d5-880b83c3c862.jpg,0
3979af9d-e1b4-459c-b577-20c5a0b66958.jpg,0
fd007d8f-5beb-46a7-8270-62a246b9c514.jpg,1
e8d06e60-f83c-4b1f-8df3-8a8d6c471107.jpg,0
deeaff24-f216-4ab7-9764-f3c28f9f8149.jpg,0
cd01a38a-a595-4122-9ddd-8da6f62bd6ff.jpg,0
317240c8-2382-4d42-98af-c90c2791699e.jpg,1
95bdf0cf-77bc-4a17-a856-abf5d9e94e82.jpg,0
19538b2a-6a61-437c-bd00-1867ffedf878.jpg,1
af15ae08-1377-40b9-9c40-4b94f1e8af6f.jpg,0
9300b512-145a-48fc-b667-b000323b89bd.jpg,1
53dd2892-36ed-4958-9d56-523992aec1be.jpg,0
ed126c35-7598-4b89-814b-4bfefa915167.jpg,0
aaf233c7-83a3-4af7-afeb-e10fc2664fc6.jpg,1
fcb5a518-878c-4f17-acbe-4e9cbd74d15b.jpg,1
041aaddb-903a-4416-b96c-f13e19deb8f4.jpg,0
13d297a5-4b99-406f-8139-26ed37f1bd54.jpg,1
35aa8cee-ffab-4572-b71c-e1ada82da473.jpg,1
0fba2fdd-1673-47a9-9808-c11c45f00684.jpg,1
53ea21a2-a7f4-492b-8229-a26c5678626e.jpg,1
370092fd-141a-45c5-a8da-7896124f0f5e.jpg,1
3fd41972-2770-412a-a9a2-f60d036f46ca.jpg,0
a69900b5-a7de-474c-9ef9-24f61ea43998.jpg,1
846eb74d-f3c4-4643-a8d2-dec4f2cc8e85.jpg,1
1544a8ee-21c2-46d0-b5a8-2a875fb22b52.jpg,1
2a10dc70-b786-484e-a6de-784048154e15.jpg,0
65185dff-442a-4423-837f-92bc6bf6fbb1.jpg,1
92120e9e-4055-4917-99b1-c3e2d92601e5.jpg,1
daeb8db8-3d05-490f-bbe1-b00f2d43da1a.jpg,1
2691dddb-9674-4387-9db2-5695495c7156.jpg,0
c72c37c4-e5ff-424c-8329-d64d54480883.jpg,1
9d893509-4d95-412a-887b-48476793a9ca.jpg,1
00da017a-5ee9-49e5-85c8-c0baf0e466cd.jpg,1
545b1656-0c3d-45cd-807f-1b7fdb6351d1.jpg,0
7ba323b3-356a-42b5-bc49-e9e1b23b1650.jpg,1
7371f6b6-0806-4edc-a4df-cc9710f96617.jpg,0
7e9d9e3f-21ae-4e3a-b561-fc29e64db171.jpg,0
deda4a2d-30cb-414c-b8db-802beee59990.jpg,1
c8b18be2-078b-46c9-9afc-c068a5cda18a.jpg,1
05181762-3989-49d8-9bb5-0d93c6ce96dd.jpg,0
1f5dac8e-c12a-49a1-8528-15b0e6b3c403.jpg,0
fe8a4879-e3d9-440a-bdea-ccace395d0a3.jpg,0
9ca42017-414d-43a3-8b23-46d75c1842b6.jpg,0
eac5d126-dd7b-401f-9f94-0c609028e5a0.jpg,0
cba7255d-28a7-42b6-98aa-52b564c97d5d.jpg,0
66eb1a60-5727-4b8c-83c2-58490dbea8be.jpg,1
c0901711-2c0d-4729-abe4-03f069c782d4.jpg,0
e255515b-ae9c-4b66-a402-26116554c06b.jpg,0
19c731e7-420a-44bb-8bd0-8e3b35f1ea6d.jpg,1
26bee2bd-e39d-43d3-8078-eefeca0bb909.jpg,0
8a1a1060-55b7-4fff-bdeb-7bfbdb2a360e.jpg,0
7428ccac-362a-450a-bce1-2613f80dbfe0.jpg,0
af8a1911-829e-4d12-9cac-c1e5ef8d3725.jpg,0
b95602cb-7314-437f-bfc4-45f23e9d18cb.jpg,1
3b222038-70ef-41d3-b2a1-0a45c9d31eac.jpg,0
f65a5dcf-f470-4750-8fd7-96819b3710c4.jpg,1
1329c667-e6f0-4244-adf8-fa6fd36be79c.jpg,0
356bddf0-5dca-49c6-8482-2f1e3946cca0.jpg,0
95618348-ebe7-48d7-bea2-d98a5439b3ae.jpg,1
ab75c5ca-bfc5-4308-be14-ae0f5c633f6e.jpg,1
665f001c-cc0c-4483-ad5c-2c18b919101b.jpg,1
b1f37b3b-0e80-43bc-a168-b54a33fd4b36.jpg,0
cf9ce3fe-5f78-4977-ad72-487b32a6f15e.jpg,1
f743bd77-c66f-43f3-a785-71a3a82e1c23.jpg,0
7029ff7b-4dfe-4c3c-bb3a-9f4787d5e4cf.jpg,1
822cd3d1-edcf-408c-afae-a5e21c168546.jpg,1
df43ab48-3a8d-4011-b9d5-e612209656ae.jpg,1
dba6c7f9-03cb-4959-98ad-ff6cfeda3749.jpg,0
45a88604-e2d8-4c27-8d7e-9ff0ee30f32e.jpg,1
70b3c8e7-811a-4274-8dd8-805001892b6f.jpg,0
2cd57caf-9484-4dec-b3c0-f93eb760b935.jpg,1
46a08df8-aa6f-4f44-b3e5-ae384925b90e.jpg,0
6af339a2-9e3c-4bd7-a6e5-8f6939024028.jpg,0
ab8cb160-e569-4eeb-8c6d-1f734e20fe4a.jpg,1
e213ea37-6063-4fc5-beec-045a862abc0a.jpg,1
72963eed-182e-4193-812a-5308b3f47c23.jpg,0
81672533-5b14-4008-b1fa-8c17abbc479d.jpg,0
b285fadf-c3bb-42fb-9b97-b30dc3d883db.jpg,1
95dbd8d7-f1af-4d2d-a9eb-926bb28a22c0.jpg,1
ae69e1a9-79bc-432c-bd8d-fcf088181744.jpg,0
addc504a-ad35-4c9a-bdc5-4a23a9d32f5a.jpg,1
bc0109b0-6b55-4db0-8faf-ca5eb9407ddf.jpg,1
f6870e4a-66e5-4dd9-883f-9747f53dc700.jpg,1
98fcdcdf-0a33-437c-85bd-b48b98a46d22.jpg,0
7b844b32-d66c-4e4a-94e7-4f353a5b4c3d.jpg,1
a0412cf9-7cc5-4889-b590-d4cc17d820bd.jpg,0
6e85c492-eb57-4c24-97a3-bb00152f0d0f.jpg,1
21148d88-5a5f-4cb7-8a72-01e316abb20d.jpg,0
dde9efdd-b6ca-484a-af5a-59c7c13abb0f.jpg,1
3d543f6c-4709-47e1-9e8f-1d13f3f0515d.jpg,0
6821c894-d5b4-4b00-84d4-162ddf9d266d.jpg,1
a278df2b-8aa1-43d6-8c37-04c59b478e66.jpg,0
9d49f904-53a1-45d1-b162-97a60444f74b.jpg,0
0605fb5c-09ff-4f46-8629-76d9126a02b9.jpg,1
43f887cf-6023-49c7-98e6-2a6feb97510d.jpg,1
eb45be15-80b7-4729-93d2-49cd87d62d06.jpg,1
caaaea10-e1d6-43ef-ab35-0c63a6417353.jpg,0
a967fc1e-f9b7-49cb-b101-07bef3b4ea19.jpg,0
566abe2c-b2ab-46ec-9006-ee0f74311a70.jpg,0
d8fc49ee-9960-472d-a9a2-f91b6af7bf9d.jpg,1
7975232c-ac34-470e-9816-34bd1793d270.jpg,1
9c5f670b-752d-4af7-b8b0-fb8c0e9a84bd.jpg,0
8130f986-8da3-4502-9e04-ecc64b512655.jpg,1
22566a6c-ad32-4787-98b7-74daea822478.jpg,0
7b23cffd-8eb5-4c25-9136-23ea303a6804.jpg,0
4f1fd36b-d8be-4658-8ed5-4785c63c09c9.jpg,0
73c4b44e-e1d4-45b1-a366-dd48333fb946.jpg,0
9380be3e-3fc8-49e6-9d17-f71d9fcabc45.jpg,1
aa6a4fc4-2898-4b7d-867d-7e5d54b16c84.jpg,1
081ac24f-cf9c-4496-a249-1e15863b81a7.jpg,1
37126260-c1bc-452e-8ee2-944a057f62cb.jpg,1
b9e0e145-c918-4ae7-8b10-0f3f410e04cc.jpg,1
6ffde453-4a7c-4823-b188-cade33398987.jpg,0
702d510a-55af-44e5-b0db-be81d6da8c53.jpg,0
4c6235de-d035-48ab-a017-2b744d298730.jpg,1
a0ffa71b-5a88-4eb0-a125-49ca270d8375.jpg,0
d3c77a84-1d6b-4153-9786-eb64a854594c.jpg,0
02ac8695-363c-4e41-bff0-a14e899147d2.jpg,0
04acf944-b953-42b5-a4ee-48db7f8045a7.jpg,0
ee07c4a1-9294-485b-8f93-741ca423509c.jpg,1
b92a9cb3-1c57-4050-a9fe-b3639fdde7a0.jpg,0
0120260b-4180-423b-b9b2-636c494b40ff.jpg,1
4bb80ce1-e3cc-4f69-955c-7ba9df16f06f.jpg,0
e8063bb8-ab01-447c-8e25-57893766a735.jpg,1
2bd9a247-1ecf-40d8-b917-35b188a29d3d.jpg,1
ba1dbf31-b008-4859-ab41-eea3d10ce6b2.jpg,0
7d000e70-5fe9-41eb-879e-6a8324875dee.jpg,0
568e1612-1f5c-46d8-bd0e-5b020d130b62.jpg,0
4167117e-2dc0-4e07-ba2d-a4972352c28b.jpg,0
06563b49-9732-405f-8d1e-8d4b41519fa7.jpg,1
54dc4aae-5fd4-4a60-9750-2541b4a034d4.jpg,0
4a7f96b7-6985-43ac-bfa4-626fd1445f2f.jpg,0
296dc44b-2102-4b11-becc-b33fd580be4a.jpg,0
d98e9f1e-71f6-4697-88d6-049f8ba61cfd.jpg,1
c6877529-7670-40a8-8859-884e98e8ff18.jpg,0
a4990f27-4720-4247-b329-843235cea231.jpg,0
482b42ce-96b0-44d9-b20a-21142d4da184.jpg,0
a9ad55a1-6ec8-4616-899f-82efb566bb48.jpg,1
20aae134-e76a-44df-98ae-9954d3f918d5.jpg,0
27c4792b-a246-4633-bfb0-6e6abe33e669.jpg,0
d9078d58-f570-4acd-b1e1-863bcc437a1d.jpg,1
404da612-fee0-441e-923f-5c74b94a4e9f.jpg,1
80ac019f-9f95-4788-9d03-d3749e6bd8b6.jpg,0
61928030-cc12-49a4-8b0d-dc0f0a5187b4.jpg,0
d76c2eea-9bf4-4e3a-90db-63b1754bdc44.jpg,1
2d5d53ca-5cde-4df2-a906-fac4903613c1.jpg,0
b120ca48-4b5e-4dcf-bd37-02596cec77ed.jpg,1
ff1920c1-8a1a-44b2-a78b-972cbb7575d2.jpg,0
a379bedb-f216-407e-8a8f-f684473c4629.jpg,1
9509925a-c2fc-406e-8359-70aeb2853c56.jpg,1
578ff548-ef16-4698-ab75-4404d98309a7.jpg,1
2a0e1cab-f19c-4eca-885a-1e3cadad3443.jpg,0
404d1774-bf2d-4d5e-8e19-bf6f6d9e742d.jpg,1
c4a9cae3-786a-4974-8a2c-6724f2422da9.jpg,0
445de185-1fc4-45da-aa06-58b441cebeea.jpg,1
0ab34f26-2eb0-40b3-9a4a-4ff67c639c79.jpg,1
ae888c93-1c64-4076-9ee3-dc70395088e3.jpg,0
dae410f5-b2a7-4a03-9cdb-30ddac2c7145.jpg,1
3a85db5e-560f-4504-a85a-c58bc3ec5538.jpg,1
b9bfc104-a7ba-41fd-8376-a509f2d01e12.jpg,1
2ae12f75-82f7-4a30-bb7a-6892869b8a75.jpg,1
5a35a0e7-c787-44a6-be7f-a9f333950afb.jpg,1
66355ad1-8a63-4fef-894f-a811b215b84d.jpg,1
e6116740-d8b1-4bfe-aa96-a5c9107c9ec4.jpg,1
b07f7667-d44e-4c39-a0a4-0ea6ff01159d.jpg,1
1fb9c4cd-90e5-436e-82e1-40183c636667.jpg,0
7374411f-073c-4fe0-9be9-5fcbed3e926a.jpg,0
855e4ab5-9fcb-4bac-9946-4d72802aa61a.jpg,1
c0bac66b-4a37-45f1-afe7-a37a7d8d45a3.jpg,0
0125fd18-9b1c-4fb9-a27c-cc8129c32fb8.jpg,0
0f831f86-71a5-4c9f-9796-1b7f65fd9be1.jpg,1
e4a5ff20-bb85-417d-aef8-ee0c3d334875.jpg,0
a1c9c9a6-d8a4-4cc8-80b1-dc9ad82e66f8.jpg,0
f6ba7356-7c17-4ec5-9c12-e22732b68889.jpg,0
764c7753-7234-4d02-a1b4-5c0a4eff8333.jpg,1
09a9028b-4c70-40bc-aa36-e78de39c84bc.jpg,0
36c58d04-4a12-400d-9876-6497949935ab.jpg,1
9694b9bd-e05b-44d1-af79-6b2ff8f23223.jpg,1
0fc11164-ed7f-4567-b7a8-fb40eb648145.jpg,0
98e37449-d7c5-49cf-bbe6-c2d627907aa1.jpg,1
205316b5-688d-4206-aeb8-75c2ef2bf7ad.jpg,0
74b96cc5-e99d-4004-bcbe-bc89c7bac212.jpg,0
fb29c4fe-a7b8-4b91-9400-4d7230520230.jpg,1
08d59d7d-3309-4620-8dc2-08d38028be7c.jpg,1
4ad71f9a-52cf-4ee3-bf8d-552f8c78ba89.jpg,1
ce2213f2-9979-441f-b0bb-914ae06ac7a0.jpg,0
5f737049-fc2a-485d-ae4f-05e3d4dfe64f.jpg,1
79a3f49f-9657-40e8-9340-d087836cbb3c.jpg,0
8200f293-a14c-42c8-a130-efc53a42d710.jpg,1
31c47655-5bcf-4fb1-83d7-f15eff5d79dc.jpg,1
fb54bcc1-b2af-45ea-8fec-a3aa1cd106e7.jpg,0
c0d2983c-8d80-46bc-93a7-4c74c012de13.jpg,0
389ed16e-f6b1-4b76-a671-63af0cde87ae.jpg,1
94ed9edc-d6cd-47e2-8516-c1381a165765.jpg,0
44619184-cac6-4e25-a3ca-720da770b717.jpg,0
7240131c-32ea-4522-97b1-3bc007ecb679.jpg,1
9b4ea1e7-a700-40fd-80c3-be6a214b44b4.jpg,0
933a56c1-3450-4e7c-b088-738183e8f699.jpg,1
4dc65a97-924a-4836-89b0-3255b379e2e9.jpg,1
f4da29a6-77cb-47a6-af7a-ca741280e893.jpg,0
dbddf801-9a3f-4536-a94c-ae3a0b5246ed.jpg,0
455e6d7b-92ee-4499-bd25-f136226fdbba.jpg,1
232dbf18-b450-437e-a56e-1c84c376be2c.jpg,0
17ac2205-45c6-4d6c-ac24-cdaedba8f3f9.jpg,1
3b11a142-e842-46c7-92a1-746f87b7b6a5.jpg,0
3975cfc3-83ec-4a30-bfd4-1a2bed9aab8b.jpg,0
073804a6-cb0c-47a0-a59d-b52a3f298ed6.jpg,1
7aee3329-9788-4a37-b12b-05b16986749c.jpg,1
866465d2-7f83-4d66-a140-38c22c5e89a4.jpg,1
60a83a0f-cc2a-44eb-afcd-b1656e4a5e84.jpg,0
eb316508-b068-43e8-b39f-53de3053cde7.jpg,0
236e7b15-ca23-4728-9638-c1686d4bae41.jpg,0
e6556642-ba81-4a4c-b592-dbe000b6fffe.jpg,1
529cb3b8-21dd-44d8-b486-ab791b515067.jpg,1
558333dc-c5d1-471f-a36c-cf8e379e380c.jpg,1
cf77d01c-a36b-4221-929b-2880a4e21309.jpg,0
d9fda274-491d-4980-838c-fd3786cfd6c3.jpg,1
e2998200-0fb5-4e82-831c-c951cabba79e.jpg,1
7b438b57-e19c-4a2d-ac0b-baa481ad90c8.jpg,1
8c398f3a-fd23-46cf-b38a-f60a596f078a.jpg,1
e8a1f2ec-94be-4451-ba18-e3053d19b3f6.jpg,1
e20e5111-19b4-44b3-b493-33016fb73661.jpg,1
9cf7be9f-35fd-469e-b7d4-31f5f05fa671.jpg,0
ee5f0338-3283-4d7d-8070-003960896b69.jpg,1
185e4f12-e446-4658-9e77-16f191cf44dd.jpg,0
aa9506d4-344c-4eda-a46a-7840f6b665ba.jpg,0
67af6fb4-e427-4e94-b939-fbca14e131f8.jpg,1
de27f6c0-3ba7-4673-ab46-cd9f6641dd30.jpg,0
78802696-83e2-4046-931a-650711ddbe6a.jpg,1
bf1ce374-4af5-41ee-93c8-7628b527aafa.jpg,0
e1e96714-32df-4f0b-9858-81eeafd4e4f1.jpg,1
027c9998-5c2a-4d78-af7b-e8be8957e279.jpg,0
6b780531-7358-44ec-b480-2727a5fbf5a4.jpg,1
012893a0-bce9-46bb-a3dc-30239d378083.jpg,0
50207859-b48e-4260-9c1a-5cf7c7a35bd4.jpg,1
2cdef600-9869-4c5d-82c4-ccba2afe1b21.jpg,0
970c5f15-7195-4e48-ae16-6edb87cd0dc9.jpg,1
0052f0d4-4208-4f68-89b6-fc6bce9cbc6e.jpg,0
5039cabe-cea2-4cca-b091-8a708a5bbf0f.jpg,0
e7af0150-39dc-4b40-a1a1-cc64f39d3c03.jpg,1
da54f2b1-4c45-45ec-af22-6e3115ed9b6c.jpg,1
223678a8-d4b5-4d7b-85e5-06b0a60f2a13.jpg,0
f47a8240-53e8-4dc6-9db4-6f377d765c4b.jpg,0
b9a2ad4f-a1d1-43f3-99e5-26ba259d20f5.jpg,0
58eb3454-7f11-44fa-926d-102467f884b8.jpg,1
d6de818e-ce05-4e0d-8722-e786991eaba7.jpg,1
8a3b6f07-fb59-4474-ae23-2748a9fba84e.jpg,1
7cf5cbb6-23b5-4128-b516-022d9b36143e.jpg,1
b5f0ca73-eace-4124-a442-f15af925b3f5.jpg,1
bc7bc590-4e44-47d2-a011-b975a6f8b9a1.jpg,1
b2a2555a-0b31-43b2-8fae-d050e577651b.jpg,0
21517612-dce9-4302-9266-a5dd3b39c7ce.jpg,0
fbd6c1c8-bbfd-4594-a83a-7ad24ab0cf6e.jpg,1
9e6f24a8-157c-4018-924a-fa83cf64d332.jpg,1
a8758f4b-d57f-4729-9f48-6d19cebcd2cd.jpg,0
d0becdd5-eff6-4ece-b145-2524b185b48f.jpg,1
9416fd89-7380-4a73-998d-2b787448c95e.jpg,1
badd7cb5-7f1e-461b-a120-8d9c4f855817.jpg,1
e915298c-0ff0-4830-9ce3-52c74f845067.jpg,1
8428f146-0b0f-4c7e-a0b2-e2ebe13eb687.jpg,1
0d71f835-f0e3-4c6b-abe5-812fa6869d6c.jpg,1
1bf68ee0-7961-4b35-93c5-1049b34cf8f4.jpg,1
fc44f4cc-7b1f-4713-a160-764799289c32.jpg,0
3d599c58-3df7-462c-a49f-89c345e78d5e.jpg,0
0e1871b8-d11d-4310-a743-a958b5b5dbb6.jpg,1
bea171a3-eb58-4532-9c28-bb5eeae8f909.jpg,0
812663d2-880a-4453-851a-594cc72b7b70.jpg,1
6f3bfbfd-c52b-4c9d-a8d6-adaf6e3768b4.jpg,0
ec8213f3-9a44-499a-a612-c22785719220.jpg,1
7e98882e-6061-4831-85b5-fe040a6aaa56.jpg,0
2c4d753d-77a6-4853-b445-93a496550bca.jpg,1
3ef1576a-2321-4167-a833-6c7c943c3366.jpg,1
66f4abf1-c977-446f-a202-004556fae60d.jpg,1
edf111de-dfbb-4eab-b6e3-9388023a9f67.jpg,1
65c7024f-d88b-4452-a81a-db08f8067dd7.jpg,0
47845dbd-288f-4679-a7b1-007aee18d240.jpg,1
ec77fb26-c5c2-4209-adbd-a36ad490fb1f.jpg,0
de22acde-fc63-4282-816d-fac7e381f555.jpg,1
3758672e-0214-4da3-be89-dc6cd1390dd8.jpg,1
4d0ad56e-74e4-4a3a-ac54-fea4224604ee.jpg,1
2cf06f92-d231-434c-b26a-49bb051b43ac.jpg,1
a7c9909e-a018-401a-aa86-b77f913a441d.jpg,1
ee791dc2-83b4-4de3-ae77-03068286edff.jpg,0
5df07343-ffcd-403c-bc96-c4f18e546eae.jpg,0
899cdaf4-8fca-47d7-a82e-0222c5064faf.jpg,1
1ae1617a-7255-4b1f-8e5b-fd4294c6776a.jpg,1
e3471f0f-9c24-4c46-b132-e04e4f100361.jpg,0
2a11187e-2fba-4a61-8423-09c6c64ef607.jpg,1
2453307e-1481-4e78-9960-fb3b90a1c333.jpg,1
b959f195-6059-4d8f-bb5a-8fd7bf2559f8.jpg,1
5c3001bf-fce9-4048-acd0-11aaec9d4006.jpg,0
c6c36f6b-cae4-44bb-8aac-35a3e32114e5.jpg,0
d65359a2-d343-4f9b-ad72-873d7e5daaa3.jpg,0
0310068d-1a0b-48f8-8e43-4ad845b4b6ca.jpg,0
f50b1a5a-0e4f-46d3-a50e-1eabe79867b0.jpg,1
315d4744-14f5-48f8-8e77-f140b21f44ce.jpg,1
75b9acfb-b433-40d8-8edc-f3bf20353b8e.jpg,0
e0347e76-df79-4b82-b1b5-46ee5664e38b.jpg,0
c05d4c02-4a4e-41a3-9f77-b8f7b2198d2c.jpg,1
cc2da58b-1d3b-4d59-b5fb-f34cef64b4da.jpg,1
5a0b52a3-b66f-455c-9ca0-d96165d39283.jpg,0
a46fb40b-7666-4bb0-b2bb-918083344d4b.jpg,0
bd9b3573-64b3-44fc-871c-d529f51ba63f.jpg,1
a1ffa4bf-d3f0-49ad-9cfc-2032c170481e.jpg,0
d8a3756c-fe4b-448e-a84f-d0522aafd305.jpg,1
7377568f-7b78-4fda-8ef4-49777dbd6d5f.jpg,1
88cf8339-6132-4c57-a21c-3662c0a36654.jpg,0
0a63d774-0139-4d1a-9644-a6a7a96ade2c.jpg,1
22e3bb2f-ff9f-463b-b103-f307812514fd.jpg,1
fc4d8a7a-9e97-48ea-83ec-f52680e01e40.jpg,1
12a78392-07d2-499f-b999-8a8ee0df76c1.jpg,1
4721c71f-a7c1-466c-bebf-cb1def11d839.jpg,1
441516ec-621b-45c5-932e-d13321f8472b.jpg,1
36633e83-33b9-4ef7-8a00-13cc92bc865f.jpg,0
eb1d7f31-82d2-43cc-9c05-7bc5ddd0c3fb.jpg,0
331c100e-ac85-4571-8ca1-2ab8f72a4c0c.jpg,1
ef1db5ea-b4c3-4d60-9f8e-2478ba8be5b1.jpg,1
c50b1c80-a60b-4882-a814-f62753250228.jpg,1
57e07c29-e26b-4f16-a5a6-7fcb0a0f5054.jpg,0
71a917ce-ee85-4285-954b-006e1061ec6a.jpg,1
2945d346-dcbb-45c7-934d-cd69c1340484.jpg,0
dd896dc1-d2d8-4c66-b793-8cc82b0bc710.jpg,1
6a4aa712-881c-48b9-83b4-65297d778ee9.jpg,0
6a3ce3da-9a62-4a95-b22d-351f445273bd.jpg,1
64eadea6-1824-4f33-9032-3cef5bd41800.jpg,1
83fadf01-ab67-4027-adec-65ad8cb666c1.jpg,1
b8e356fa-f937-4a11-87e9-9acd660c0dfa.jpg,0
ab9f4d3d-a542-42bb-8c5f-c1e8331ae470.jpg,1
1087ce93-165d-43d4-8937-c099d369e921.jpg,0
354d883b-d955-4ab6-8db5-9cbabfc33926.jpg,1
3bf979af-7c34-42d8-a1da-7f6e0f372ed7.jpg,0
cafdc729-8fc4-43e7-976c-603501d2ae62.jpg,1
80e5cdb8-60e2-4b60-bf93-612dfea5d748.jpg,0
dab00598-f81f-4189-9502-a98b88dd8bbc.jpg,0
a4acecf4-51c8-41d5-ac5d-3e3edd5b4acc.jpg,0
a33fc9fa-444c-4085-afb2-a6cc40f57938.jpg,0
16d4d343-9f61-4e21-affb-edf2e4aacc97.jpg,0
a8ca6d1a-dd69-4517-82ed-b03b5fbfd85d.jpg,0
d681aef4-6ee5-4ffb-8342-c07a076b587a.jpg,0
871b08ea-3f7c-4ba3-af4f-b6d990e19882.jpg,0
dfc860b8-5d1b-4fe3-a5de-96688697ad27.jpg,0
35e0cc5b-d6ae-466a-bd38-5a2a9ae4dbe7.jpg,0
0f9db693-1888-4416-9eb1-0e89da6c6ab6.jpg,1
cfc9b8b1-d675-44e7-addb-76a9ef1aed9a.jpg,0
d2c24b07-5d7e-46df-83a2-a9d92b1e163f.jpg,0
2cb52249-ea01-4b0c-b54c-3f9f2f43b822.jpg,0
4cf12f9c-105f-457d-8179-082580a47fa5.jpg,1
df09dded-8b2e-4d80-acf1-e49027eebe59.jpg,1
355b2f79-a55e-4e25-8342-8c0348d79f22.jpg,1
5e430833-7102-4608-bb65-329ed3cb1755.jpg,1
f6ad6648-c6b5-4d18-a233-b3fe135cf8e2.jpg,0
a6cb2e69-a97b-4156-9641-9a61180f4e28.jpg,1
f960b74b-7243-43e5-85e9-99b933cf6525.jpg,1
a070dde4-db14-4093-8382-cbfe69ee2853.jpg,0
d3594385-f9b5-4a5c-8785-b03489427c5a.jpg,1
7ce03d29-6556-48b7-a10d-3be3b3052050.jpg,0
ba747b13-c129-41e2-a411-95d78a664cfb.jpg,1
0295f6e7-a88e-4b37-b568-f533a3a57e85.jpg,1
d7129baf-b118-4cc1-89c4-ad0b8f979a85.jpg,1
f2ba455d-480b-4c03-bc88-e1b82c6707f6.jpg,0
44e38bc1-0bd2-40d7-af5b-b1810722134e.jpg,1
670f522c-e188-4d75-91bf-6109c0565891.jpg,0
ea503085-70a2-47c2-b52f-e7c4de706df6.jpg,1
9bc8dac8-eeea-4931-9112-a4e0ad94b1e6.jpg,1
cce5c888-02d2-4633-b3fc-0e2dc37f3ff8.jpg,0
46593932-9204-4f9c-8357-61e4b3ca78f3.jpg,0
05c3876e-35dd-4197-90d8-a506eb7d0c18.jpg,1
b4732d42-b747-4d93-a2fb-615af24a236f.jpg,0
300fc204-5b21-4104-ac89-232a738ff83b.jpg,1
7ca25e36-ed7f-4d86-9535-82f244129235.jpg,1
71fd7fa8-807a-403f-be3a-fba31d2bcaca.jpg,1
31618df1-178c-4563-998d-5a98c8c22044.jpg,1
f575ba1a-3818-4c75-8236-8afdafa55f6e.jpg,1
1818061d-61d1-4274-8c5e-7c38f2d19f8a.jpg,1
a8182284-5d8e-40b3-8773-528194a86faa.jpg,1
7061be32-458d-480f-856b-5d1e5b6afcf9.jpg,1
d153cdce-78e0-4446-b089-e064e608e181.jpg,1
b555c7fc-abb9-4af4-a425-a7b2c26126c0.jpg,1
d2066692-b0aa-452c-a985-71f5c8b77dd3.jpg,1
869511d0-3d9b-4cf4-beea-d38c1c15ff83.jpg,1
0d1d751f-a390-4d89-86e7-a7465e33bc4e.jpg,0
85ddaac7-1533-481c-9f40-a20f9ad8f79c.jpg,1
ba7a97d6-5222-4bfb-8a55-fec91e58b0c1.jpg,1
b2516da7-861f-4066-8186-4224528848ea.jpg,1
57415f66-c47d-43d8-831b-ae29dfe45c27.jpg,0
a9c8cfdc-0f43-4fee-b1e3-d5ad4f2f7936.jpg,1
2d814086-99dc-4ad0-b7ad-e72845996b92.jpg,0
a8ae2027-dd3c-4dd3-a5ba-e6edb1339128.jpg,0
245a6e32-55b1-47b9-ad43-527b95c9d770.jpg,0
6e8cf04c-6ce1-4971-8978-0d40094378b8.jpg,0
d6a0e4cb-1b83-4867-b9f8-9759a3ba22b0.jpg,0
d6a4760d-c694-4d30-82a5-196f32ddec64.jpg,1
62a559b3-6b50-468d-bb7a-665ef2fee227.jpg,1
